#
# There is insufficient memory for the Java Runtime Environment to continue.
# Native memory allocation (mmap) failed to map 25165824 bytes. Error detail: G1 virtual space
# Possible reasons:
#   The system is out of physical RAM or swap space
#   This process is running with CompressedOops enabled, and the Java Heap may be blocking the growth of the native heap
# Possible solutions:
#   Reduce memory load on the system
#   Increase physical memory or swap space
#   Check if swap backing store is full
#   Decrease Java heap size (-Xmx/-Xms)
#   Decrease number of Java threads
#   Decrease Java thread stack sizes (-Xss)
#   Set larger code cache with -XX:ReservedCodeCacheSize=
#   JVM is running with Zero Based Compressed Oops mode in which the Java heap is
#     placed in the first 32GB address space. The Java Heap base address is the
#     maximum limit for the native heap growth. Please use -XX:HeapBaseMinAddress
#     to set the Java Heap base and to place the Java Heap above 32GB virtual address.
# This output file may be truncated or incomplete.
#
#  Out of Memory Error (os_windows.cpp:3925), pid=5976, tid=24408
#
# JRE version: OpenJDK Runtime Environment (21.0.9) (build 21.0.9+-14649483-b1163.86)
# Java VM: OpenJDK 64-Bit Server VM (21.0.9+-14649483-b1163.86, mixed mode, tiered, compressed oops, compressed class ptrs, g1 gc, windows-amd64)
# No core dump will be written. Minidumps are not enabled by default on client versions of Windows
#

---------------  S U M M A R Y ------------

Command Line: --add-opens=java.base/java.lang=ALL-UNNAMED --add-opens=java.base/java.lang.invoke=ALL-UNNAMED --add-opens=java.base/java.util=ALL-UNNAMED --add-opens=java.prefs/java.util.prefs=ALL-UNNAMED --add-exports=jdk.compiler/com.sun.tools.javac.api=ALL-UNNAMED --add-exports=jdk.compiler/com.sun.tools.javac.util=ALL-UNNAMED --add-opens=java.base/java.util=ALL-UNNAMED --add-opens=java.prefs/java.util.prefs=ALL-UNNAMED --add-opens=java.base/java.nio.charset=ALL-UNNAMED --add-opens=java.base/java.net=ALL-UNNAMED --add-opens=java.base/java.util.concurrent=ALL-UNNAMED --add-opens=java.base/java.util.concurrent.atomic=ALL-UNNAMED --add-opens=java.xml/javax.xml.namespace=ALL-UNNAMED -Xmx4096m -Dfile.encoding=UTF-8 -Duser.country=IN -Duser.language=en -Duser.variant -javaagent:C:\Users\user\.gradle\wrapper\dists\gradle-9.0.0-bin\d6wjpkvcgsg3oed0qlfss3wgl\gradle-9.0.0\lib\agents\gradle-instrumentation-agent-9.0.0.jar org.gradle.launcher.daemon.bootstrap.GradleDaemon 9.0.0

Host: AMD Ryzen 5 5500U with Radeon Graphics         , 12 cores, 5G,  Windows 11 , 64 bit Build 26100 (10.0.26100.8246)
Time: Sun May  3 20:41:16 2026 India Standard Time elapsed time: 186.996679 seconds (0d 0h 3m 6s)

---------------  T H R E A D  ---------------

Current thread (0x00000271c57dd460):  VMThread "VM Thread"          [id=24408, stack(0x000000ee31400000,0x000000ee31500000) (1024K)]

Stack: [0x000000ee31400000,0x000000ee31500000]
Native frames: (J=compiled Java code, j=interpreted, Vv=VM code, C=native code)
V  [jvm.dll+0x6d6c99]
V  [jvm.dll+0x866b83]
V  [jvm.dll+0x86919e]
V  [jvm.dll+0x869883]
V  [jvm.dll+0x280776]
V  [jvm.dll+0x6d3555]
V  [jvm.dll+0x6c6bea]
V  [jvm.dll+0x3587fb]
V  [jvm.dll+0x360476]
V  [jvm.dll+0x3b2646]
V  [jvm.dll+0x3b2918]
V  [jvm.dll+0x32af0c]
V  [jvm.dll+0x32d916]
V  [jvm.dll+0x3377ed]
V  [jvm.dll+0x36ef55]
V  [jvm.dll+0x86f608]
V  [jvm.dll+0x870984]
V  [jvm.dll+0x870ec0]
V  [jvm.dll+0x871153]
V  [jvm.dll+0x80f118]
V  [jvm.dll+0x6d54ed]
C  [ucrtbase.dll+0x37b0]
C  [KERNEL32.DLL+0x2e8d7]
C  [ntdll.dll+0x8c3fc]

VM_Operation (0x000000ee30fff570): G1PauseRemark, mode: safepoint, requested by thread 0x00000271ab514ce0


---------------  P R O C E S S  ---------------

Threads class SMR info:
_java_thread_list=0x00000271ce6905f0, length=106, elements={
0x00000271ab49a230, 0x00000271c595c870, 0x00000271c59727a0, 0x00000271c5973d70,
0x00000271c597d6e0, 0x00000271c5990d60, 0x00000271c5986e50, 0x00000271c59923d0,
0x00000271c5998b50, 0x00000271c59a02b0, 0x00000271c5cab690, 0x00000271ca425ef0,
0x00000271ca423e20, 0x00000271ca426c10, 0x00000271ca4251d0, 0x00000271ca4272a0,
0x00000271ca4244b0, 0x00000271ca424b40, 0x00000271cae29fa0, 0x00000271cae2acc0,
0x00000271cae2d420, 0x00000271cae2b9e0, 0x00000271cae2b350, 0x00000271cae2cd90,
0x00000271cae2e7d0, 0x00000271cae2e140, 0x00000271cae2ee60, 0x00000271cae2c070,
0x00000271cae2f4f0, 0x00000271cae30f30, 0x00000271cae2fb80, 0x00000271cae30210,
0x00000271cae315c0, 0x00000271cae308a0, 0x00000271cd4aff40, 0x00000271cd4b05d0,
0x00000271cd4b0c60, 0x00000271cd4af8b0, 0x00000271cd4b12f0, 0x00000271cd4af220,
0x00000271cd4b2010, 0x00000271cd4aeb90, 0x00000271cd4b3a50, 0x00000271cd4b26a0,
0x00000271cd4b40e0, 0x00000271cd4b5b20, 0x00000271cd4b5490, 0x00000271cd4b4770,
0x00000271cd4b4e00, 0x00000271cda51c50, 0x00000271cda522e0, 0x00000271cda52970,
0x00000271cda543b0, 0x00000271cda53000, 0x00000271cda53690, 0x00000271cda50f30,
0x00000271cda53d20, 0x00000271cda54a40, 0x00000271cda515c0, 0x00000271cda58550,
0x00000271cda57ec0, 0x00000271cda550d0, 0x00000271cda57830, 0x00000271cda55760,
0x00000271cda55df0, 0x00000271cda56480, 0x00000271cda56b10, 0x00000271cda571a0,
0x00000271cad9d0d0, 0x00000271cad9eb10, 0x00000271cada46f0, 0x00000271ca425860,
0x00000271cb78c7c0, 0x00000271cb78ad80, 0x00000271cb78ce50, 0x00000271cb78a060,
0x00000271cb7899d0, 0x00000271cb78db70, 0x00000271cb78d4e0, 0x00000271cb78a6f0,
0x00000271cb78c130, 0x00000271cb78b410, 0x00000271cb78e200, 0x00000271cb78e890,
0x00000271cb78ef20, 0x00000271cb78baa0, 0x00000271cb790960, 0x00000271cb78f5b0,
0x00000271cb790ff0, 0x00000271cb78fc40, 0x00000271cb7902d0, 0x00000271ca2a6720,
0x00000271ca2a7ad0, 0x00000271ca2a7440, 0x00000271ca2aa230, 0x00000271ca2a8160,
0x00000271ca2a87f0, 0x00000271ca2a6db0, 0x00000271ca2ac300, 0x00000271ca2a8e80,
0x00000271ca2a9510, 0x00000271ca2ab5e0, 0x00000271ca2ad020, 0x00000271ce5bb370,
0x00000271ce5bace0, 0x00000271ce5bc720
}

Java Threads: ( => current thread )
  0x00000271ab49a230 JavaThread "main"                              [_thread_blocked, id=5736, stack(0x000000ee30d00000,0x000000ee30e00000) (1024K)]
  0x00000271c595c870 JavaThread "Common-Cleaner"             daemon [_thread_blocked, id=11100, stack(0x000000ee31500000,0x000000ee31600000) (1024K)]
  0x00000271c59727a0 JavaThread "Reference Handler"          daemon [_thread_blocked, id=9468, stack(0x000000ee31600000,0x000000ee31700000) (1024K)]
  0x00000271c5973d70 JavaThread "Finalizer"                  daemon [_thread_blocked, id=22964, stack(0x000000ee31700000,0x000000ee31800000) (1024K)]
  0x00000271c597d6e0 JavaThread "Signal Dispatcher"          daemon [_thread_blocked, id=10180, stack(0x000000ee31800000,0x000000ee31900000) (1024K)]
  0x00000271c5990d60 JavaThread "Attach Listener"            daemon [_thread_blocked, id=22820, stack(0x000000ee31900000,0x000000ee31a00000) (1024K)]
  0x00000271c5986e50 JavaThread "Service Thread"             daemon [_thread_blocked, id=21688, stack(0x000000ee31a00000,0x000000ee31b00000) (1024K)]
  0x00000271c59923d0 JavaThread "Monitor Deflation Thread"   daemon [_thread_blocked, id=21472, stack(0x000000ee31b00000,0x000000ee31c00000) (1024K)]
  0x00000271c5998b50 JavaThread "C2 CompilerThread0"         daemon [_thread_blocked, id=21252, stack(0x000000ee31c00000,0x000000ee31d00000) (1024K)]
  0x00000271c59a02b0 JavaThread "C1 CompilerThread0"         daemon [_thread_blocked, id=18672, stack(0x000000ee31d00000,0x000000ee31e00000) (1024K)]
  0x00000271c5cab690 JavaThread "Notification Thread"        daemon [_thread_blocked, id=9272, stack(0x000000ee31e00000,0x000000ee31f00000) (1024K)]
  0x00000271ca425ef0 JavaThread "Daemon health stats"               [_thread_blocked, id=22372, stack(0x000000ee32300000,0x000000ee32400000) (1024K)]
  0x00000271ca423e20 JavaThread "Incoming local TCP Connector on port 60247"        [_thread_in_native, id=14736, stack(0x000000ee32400000,0x000000ee32500000) (1024K)]
  0x00000271ca426c10 JavaThread "Daemon periodic checks"            [_thread_blocked, id=6292, stack(0x000000ee32500000,0x000000ee32600000) (1024K)]
  0x00000271ca4251d0 JavaThread "Daemon"                            [_thread_blocked, id=22432, stack(0x000000ee32600000,0x000000ee32700000) (1024K)]
  0x00000271ca4272a0 JavaThread "Handler for socket connection from /127.0.0.1:60247 to /127.0.0.1:60248"        [_thread_in_native, id=6792, stack(0x000000ee32700000,0x000000ee32800000) (1024K)]
  0x00000271ca4244b0 JavaThread "Cancel handler"                    [_thread_blocked, id=4816, stack(0x000000ee32f00000,0x000000ee33000000) (1024K)]
  0x00000271ca424b40 JavaThread "Daemon worker"                     [_thread_blocked, id=17928, stack(0x000000ee33000000,0x000000ee33100000) (1024K)]
  0x00000271cae29fa0 JavaThread "Asynchronous log dispatcher for DefaultDaemonConnection: socket connection from /127.0.0.1:60247 to /127.0.0.1:60248"        [_thread_blocked, id=6868, stack(0x000000ee33100000,0x000000ee33200000) (1024K)]
  0x00000271cae2acc0 JavaThread "Stdin handler"                     [_thread_blocked, id=23164, stack(0x000000ee33200000,0x000000ee33300000) (1024K)]
  0x00000271cae2d420 JavaThread "Daemon client event forwarder"        [_thread_blocked, id=15316, stack(0x000000ee33300000,0x000000ee33400000) (1024K)]
  0x00000271cae2b9e0 JavaThread "Cache worker for journal cache (C:\Users\user\.gradle\caches\journal-1)"        [_thread_blocked, id=10252, stack(0x000000ee33400000,0x000000ee33500000) (1024K)]
  0x00000271cae2b350 JavaThread "File lock request listener"        [_thread_in_native, id=7532, stack(0x000000ee33500000,0x000000ee33600000) (1024K)]
  0x00000271cae2cd90 JavaThread "Cache worker for file hash cache (C:\Users\user\.gradle\caches\9.0.0\fileHashes)"        [_thread_blocked, id=5916, stack(0x000000ee33600000,0x000000ee33700000) (1024K)]
  0x00000271cae2e7d0 JavaThread "Cache worker for file hash cache (C:\Users\user\OneDrive\Desktop\BUDAKATTU-SANTE\.gradle\9.0.0\fileHashes)"        [_thread_blocked, id=8244, stack(0x000000ee33700000,0x000000ee33800000) (1024K)]
  0x00000271cae2e140 JavaThread "Cache worker for Build Output Cleanup Cache (C:\Users\user\OneDrive\Desktop\BUDAKATTU-SANTE\.gradle\buildOutputCleanup)"        [_thread_blocked, id=17104, stack(0x000000ee33800000,0x000000ee33900000) (1024K)]
  0x00000271cae2ee60 JavaThread "File watcher server"        daemon [_thread_in_native, id=10148, stack(0x000000ee33900000,0x000000ee33a00000) (1024K)]
  0x00000271cae2c070 JavaThread "File watcher consumer"      daemon [_thread_blocked, id=14732, stack(0x000000ee33a00000,0x000000ee33b00000) (1024K)]
  0x00000271cae2f4f0 JavaThread "jar transforms"                    [_thread_blocked, id=20216, stack(0x000000ee33b00000,0x000000ee33c00000) (1024K)]
  0x00000271cae30f30 JavaThread "jar transforms Thread 2"           [_thread_blocked, id=18548, stack(0x000000ee33c00000,0x000000ee33d00000) (1024K)]
  0x00000271cae2fb80 JavaThread "jar transforms Thread 3"           [_thread_blocked, id=20412, stack(0x000000ee33d00000,0x000000ee33e00000) (1024K)]
  0x00000271cae30210 JavaThread "jar transforms Thread 4"           [_thread_blocked, id=22824, stack(0x000000ee33e00000,0x000000ee33f00000) (1024K)]
  0x00000271cae315c0 JavaThread "jar transforms Thread 5"           [_thread_blocked, id=6916, stack(0x000000ee33f00000,0x000000ee34000000) (1024K)]
  0x00000271cae308a0 JavaThread "jar transforms Thread 6"           [_thread_blocked, id=22936, stack(0x000000ee34000000,0x000000ee34100000) (1024K)]
  0x00000271cd4aff40 JavaThread "jar transforms Thread 7"           [_thread_blocked, id=15800, stack(0x000000ee34100000,0x000000ee34200000) (1024K)]
  0x00000271cd4b05d0 JavaThread "jar transforms Thread 8"           [_thread_blocked, id=7512, stack(0x000000ee34200000,0x000000ee34300000) (1024K)]
  0x00000271cd4b0c60 JavaThread "jar transforms Thread 9"           [_thread_blocked, id=764, stack(0x000000ee34300000,0x000000ee34400000) (1024K)]
  0x00000271cd4af8b0 JavaThread "jar transforms Thread 10"          [_thread_blocked, id=14496, stack(0x000000ee34400000,0x000000ee34500000) (1024K)]
  0x00000271cd4b12f0 JavaThread "jar transforms Thread 11"          [_thread_blocked, id=18460, stack(0x000000ee34500000,0x000000ee34600000) (1024K)]
  0x00000271cd4af220 JavaThread "jar transforms Thread 12"          [_thread_blocked, id=16200, stack(0x000000ee34600000,0x000000ee34700000) (1024K)]
  0x00000271cd4b2010 JavaThread "Cache worker for checksums cache (C:\Users\user\OneDrive\Desktop\BUDAKATTU-SANTE\.gradle\9.0.0\checksums)"        [_thread_blocked, id=20164, stack(0x000000ee34700000,0x000000ee34800000) (1024K)]
  0x00000271cd4aeb90 JavaThread "Cache worker for file content cache (C:\Users\user\.gradle\caches\9.0.0\fileContent)"        [_thread_blocked, id=16848, stack(0x000000ee34800000,0x000000ee34900000) (1024K)]
  0x00000271cd4b3a50 JavaThread "Cache worker for cache directory md-supplier (C:\Users\user\.gradle\caches\9.0.0\md-supplier)"        [_thread_blocked, id=8972, stack(0x000000ee34900000,0x000000ee34a00000) (1024K)]
  0x00000271cd4b26a0 JavaThread "Cache worker for cache directory md-rule (C:\Users\user\.gradle\caches\9.0.0\md-rule)"        [_thread_blocked, id=10088, stack(0x000000ee34a00000,0x000000ee34b00000) (1024K)]
  0x00000271cd4b40e0 JavaThread "Unconstrained build operations"        [_thread_blocked, id=18176, stack(0x000000ee34b00000,0x000000ee34c00000) (1024K)]
  0x00000271cd4b5b20 JavaThread "Unconstrained build operations Thread 2"        [_thread_blocked, id=18624, stack(0x000000ee34c00000,0x000000ee34d00000) (1024K)]
  0x00000271cd4b5490 JavaThread "Unconstrained build operations Thread 3"        [_thread_blocked, id=15520, stack(0x000000ee34d00000,0x000000ee34e00000) (1024K)]
  0x00000271cd4b4770 JavaThread "Unconstrained build operations Thread 4"        [_thread_blocked, id=8444, stack(0x000000ee34e00000,0x000000ee34f00000) (1024K)]
  0x00000271cd4b4e00 JavaThread "Unconstrained build operations Thread 5"        [_thread_blocked, id=12408, stack(0x000000ee34f00000,0x000000ee35000000) (1024K)]
  0x00000271cda51c50 JavaThread "Unconstrained build operations Thread 6"        [_thread_blocked, id=6648, stack(0x000000ee35000000,0x000000ee35100000) (1024K)]
  0x00000271cda522e0 JavaThread "Unconstrained build operations Thread 7"        [_thread_blocked, id=5132, stack(0x000000ee35100000,0x000000ee35200000) (1024K)]
  0x00000271cda52970 JavaThread "Unconstrained build operations Thread 8"        [_thread_blocked, id=16424, stack(0x000000ee35200000,0x000000ee35300000) (1024K)]
  0x00000271cda543b0 JavaThread "Unconstrained build operations Thread 9"        [_thread_blocked, id=23212, stack(0x000000ee35300000,0x000000ee35400000) (1024K)]
  0x00000271cda53000 JavaThread "Unconstrained build operations Thread 10"        [_thread_blocked, id=12304, stack(0x000000ee35400000,0x000000ee35500000) (1024K)]
  0x00000271cda53690 JavaThread "Unconstrained build operations Thread 11"        [_thread_blocked, id=14172, stack(0x000000ee35500000,0x000000ee35600000) (1024K)]
  0x00000271cda50f30 JavaThread "Unconstrained build operations Thread 12"        [_thread_blocked, id=18408, stack(0x000000ee35600000,0x000000ee35700000) (1024K)]
  0x00000271cda53d20 JavaThread "Unconstrained build operations Thread 13"        [_thread_blocked, id=23156, stack(0x000000ee35700000,0x000000ee35800000) (1024K)]
  0x00000271cda54a40 JavaThread "Unconstrained build operations Thread 14"        [_thread_blocked, id=6360, stack(0x000000ee35800000,0x000000ee35900000) (1024K)]
  0x00000271cda515c0 JavaThread "Unconstrained build operations Thread 15"        [_thread_blocked, id=9440, stack(0x000000ee35900000,0x000000ee35a00000) (1024K)]
  0x00000271cda58550 JavaThread "Unconstrained build operations Thread 16"        [_thread_blocked, id=22088, stack(0x000000ee35a00000,0x000000ee35b00000) (1024K)]
  0x00000271cda57ec0 JavaThread "Unconstrained build operations Thread 17"        [_thread_blocked, id=18820, stack(0x000000ee35b00000,0x000000ee35c00000) (1024K)]
  0x00000271cda550d0 JavaThread "Unconstrained build operations Thread 18"        [_thread_blocked, id=9808, stack(0x000000ee35c00000,0x000000ee35d00000) (1024K)]
  0x00000271cda57830 JavaThread "Unconstrained build operations Thread 19"        [_thread_blocked, id=21632, stack(0x000000ee35d00000,0x000000ee35e00000) (1024K)]
  0x00000271cda55760 JavaThread "Unconstrained build operations Thread 20"        [_thread_blocked, id=8148, stack(0x000000ee35e00000,0x000000ee35f00000) (1024K)]
  0x00000271cda55df0 JavaThread "Unconstrained build operations Thread 21"        [_thread_blocked, id=14196, stack(0x000000ee35f00000,0x000000ee36000000) (1024K)]
  0x00000271cda56480 JavaThread "Unconstrained build operations Thread 22"        [_thread_blocked, id=8928, stack(0x000000ee36000000,0x000000ee36100000) (1024K)]
  0x00000271cda56b10 JavaThread "Unconstrained build operations Thread 23"        [_thread_blocked, id=11184, stack(0x000000ee36100000,0x000000ee36200000) (1024K)]
  0x00000271cda571a0 JavaThread "Unconstrained build operations Thread 24"        [_thread_blocked, id=14088, stack(0x000000ee36200000,0x000000ee36300000) (1024K)]
  0x00000271cad9d0d0 JavaThread "Unconstrained build operations Thread 25"        [_thread_blocked, id=20616, stack(0x000000ee36300000,0x000000ee36400000) (1024K)]
  0x00000271cad9eb10 JavaThread "Unconstrained build operations Thread 26"        [_thread_blocked, id=8664, stack(0x000000ee36400000,0x000000ee36500000) (1024K)]
  0x00000271cada46f0 JavaThread "Unconstrained build operations Thread 27"        [_thread_blocked, id=10100, stack(0x000000ee36600000,0x000000ee36700000) (1024K)]
  0x00000271ca425860 JavaThread "Unconstrained build operations Thread 28"        [_thread_blocked, id=10540, stack(0x000000ee36700000,0x000000ee36800000) (1024K)]
  0x00000271cb78c7c0 JavaThread "Unconstrained build operations Thread 29"        [_thread_blocked, id=21672, stack(0x000000ee36800000,0x000000ee36900000) (1024K)]
  0x00000271cb78ad80 JavaThread "Unconstrained build operations Thread 30"        [_thread_blocked, id=9356, stack(0x000000ee36900000,0x000000ee36a00000) (1024K)]
  0x00000271cb78ce50 JavaThread "Unconstrained build operations Thread 31"        [_thread_blocked, id=23180, stack(0x000000ee36a00000,0x000000ee36b00000) (1024K)]
  0x00000271cb78a060 JavaThread "Unconstrained build operations Thread 32"        [_thread_blocked, id=19204, stack(0x000000ee36b00000,0x000000ee36c00000) (1024K)]
  0x00000271cb7899d0 JavaThread "Unconstrained build operations Thread 33"        [_thread_blocked, id=14124, stack(0x000000ee36c00000,0x000000ee36d00000) (1024K)]
  0x00000271cb78db70 JavaThread "Unconstrained build operations Thread 34"        [_thread_blocked, id=14096, stack(0x000000ee36d00000,0x000000ee36e00000) (1024K)]
  0x00000271cb78d4e0 JavaThread "Unconstrained build operations Thread 35"        [_thread_blocked, id=9820, stack(0x000000ee36e00000,0x000000ee36f00000) (1024K)]
  0x00000271cb78a6f0 JavaThread "Unconstrained build operations Thread 36"        [_thread_blocked, id=10656, stack(0x000000ee36f00000,0x000000ee37000000) (1024K)]
  0x00000271cb78c130 JavaThread "Unconstrained build operations Thread 37"        [_thread_blocked, id=20020, stack(0x000000ee37000000,0x000000ee37100000) (1024K)]
  0x00000271cb78b410 JavaThread "Unconstrained build operations Thread 38"        [_thread_blocked, id=23232, stack(0x000000ee37100000,0x000000ee37200000) (1024K)]
  0x00000271cb78e200 JavaThread "Unconstrained build operations Thread 39"        [_thread_blocked, id=23864, stack(0x000000ee37200000,0x000000ee37300000) (1024K)]
  0x00000271cb78e890 JavaThread "Unconstrained build operations Thread 40"        [_thread_blocked, id=14232, stack(0x000000ee37300000,0x000000ee37400000) (1024K)]
  0x00000271cb78ef20 JavaThread "Unconstrained build operations Thread 41"        [_thread_blocked, id=17116, stack(0x000000ee37400000,0x000000ee37500000) (1024K)]
  0x00000271cb78baa0 JavaThread "Unconstrained build operations Thread 42"        [_thread_blocked, id=16228, stack(0x000000ee37500000,0x000000ee37600000) (1024K)]
  0x00000271cb790960 JavaThread "Unconstrained build operations Thread 43"        [_thread_blocked, id=8756, stack(0x000000ee37600000,0x000000ee37700000) (1024K)]
  0x00000271cb78f5b0 JavaThread "Unconstrained build operations Thread 44"        [_thread_blocked, id=20640, stack(0x000000ee37700000,0x000000ee37800000) (1024K)]
  0x00000271cb790ff0 JavaThread "Unconstrained build operations Thread 45"        [_thread_blocked, id=14308, stack(0x000000ee37800000,0x000000ee37900000) (1024K)]
  0x00000271cb78fc40 JavaThread "Unconstrained build operations Thread 46"        [_thread_blocked, id=21560, stack(0x000000ee37900000,0x000000ee37a00000) (1024K)]
  0x00000271cb7902d0 JavaThread "Unconstrained build operations Thread 47"        [_thread_blocked, id=14888, stack(0x000000ee37a00000,0x000000ee37b00000) (1024K)]
  0x00000271ca2a6720 JavaThread "Unconstrained build operations Thread 48"        [_thread_blocked, id=16568, stack(0x000000ee37b00000,0x000000ee37c00000) (1024K)]
  0x00000271ca2a7ad0 JavaThread "Unconstrained build operations Thread 49"        [_thread_blocked, id=13844, stack(0x000000ee37c00000,0x000000ee37d00000) (1024K)]
  0x00000271ca2a7440 JavaThread "Unconstrained build operations Thread 50"        [_thread_blocked, id=9960, stack(0x000000ee37d00000,0x000000ee37e00000) (1024K)]
  0x00000271ca2aa230 JavaThread "Unconstrained build operations Thread 51"        [_thread_blocked, id=5628, stack(0x000000ee37e00000,0x000000ee37f00000) (1024K)]
  0x00000271ca2a8160 JavaThread "Unconstrained build operations Thread 52"        [_thread_blocked, id=15056, stack(0x000000ee37f00000,0x000000ee38000000) (1024K)]
  0x00000271ca2a87f0 JavaThread "Unconstrained build operations Thread 53"        [_thread_blocked, id=9716, stack(0x000000ee38000000,0x000000ee38100000) (1024K)]
  0x00000271ca2a6db0 JavaThread "Unconstrained build operations Thread 54"        [_thread_blocked, id=15172, stack(0x000000ee38100000,0x000000ee38200000) (1024K)]
  0x00000271ca2ac300 JavaThread "Unconstrained build operations Thread 55"        [_thread_blocked, id=4968, stack(0x000000ee38200000,0x000000ee38300000) (1024K)]
  0x00000271ca2a8e80 JavaThread "Unconstrained build operations Thread 56"        [_thread_blocked, id=20876, stack(0x000000ee38300000,0x000000ee38400000) (1024K)]
  0x00000271ca2a9510 JavaThread "Unconstrained build operations Thread 57"        [_thread_blocked, id=9144, stack(0x000000ee38400000,0x000000ee38500000) (1024K)]
  0x00000271ca2ab5e0 JavaThread "Unconstrained build operations Thread 58"        [_thread_blocked, id=19348, stack(0x000000ee38500000,0x000000ee38600000) (1024K)]
  0x00000271ca2ad020 JavaThread "Unconstrained build operations Thread 59"        [_thread_blocked, id=10596, stack(0x000000ee38600000,0x000000ee38700000) (1024K)]
  0x00000271ce5bb370 JavaThread "Memory manager"                    [_thread_blocked, id=24404, stack(0x000000ee30a00000,0x000000ee30b00000) (1024K)]
  0x00000271ce5bace0 JavaThread "Problems report writer"            [_thread_blocked, id=22044, stack(0x000000ee30b00000,0x000000ee30c00000) (1024K)]
  0x00000271ce5bc720 JavaThread "build event listener"              [_thread_blocked, id=20468, stack(0x000000ee30c00000,0x000000ee30d00000) (1024K)]
Total: 106

Other Threads:
=>0x00000271c57dd460 VMThread "VM Thread"                           [id=24408, stack(0x000000ee31400000,0x000000ee31500000) (1024K)]
  0x00000271c5747cb0 WatcherThread "VM Periodic Task Thread"        [id=6632, stack(0x000000ee31300000,0x000000ee31400000) (1024K)]
  0x00000271ab503df0 WorkerThread "GC Thread#0"                     [id=3892, stack(0x000000ee30e00000,0x000000ee30f00000) (1024K)]
  0x00000271ca21d0b0 WorkerThread "GC Thread#1"                     [id=24280, stack(0x000000ee31f00000,0x000000ee32000000) (1024K)]
  0x00000271ca199fc0 WorkerThread "GC Thread#2"                     [id=14568, stack(0x000000ee32000000,0x000000ee32100000) (1024K)]
  0x00000271cac55180 WorkerThread "GC Thread#3"                     [id=11064, stack(0x000000ee32100000,0x000000ee32200000) (1024K)]
  0x00000271cac4f470 WorkerThread "GC Thread#4"                     [id=13944, stack(0x000000ee32200000,0x000000ee32300000) (1024K)]
  0x00000271cbdeaac0 WorkerThread "GC Thread#5"                     [id=20296, stack(0x000000ee32800000,0x000000ee32900000) (1024K)]
  0x00000271ca294120 WorkerThread "GC Thread#6"                     [id=7580, stack(0x000000ee32900000,0x000000ee32a00000) (1024K)]
  0x00000271ca2948d0 WorkerThread "GC Thread#7"                     [id=12512, stack(0x000000ee32a00000,0x000000ee32b00000) (1024K)]
  0x00000271ca06d9a0 WorkerThread "GC Thread#8"                     [id=11976, stack(0x000000ee32b00000,0x000000ee32c00000) (1024K)]
  0x00000271ca06cec0 WorkerThread "GC Thread#9"                     [id=18640, stack(0x000000ee32c00000,0x000000ee32d00000) (1024K)]
  0x00000271ab514ce0 ConcurrentGCThread "G1 Main Marker"            [id=14804, stack(0x000000ee30f00000,0x000000ee31000000) (1024K)]
  0x00000271ab516530 WorkerThread "G1 Conc#0"                       [id=23456, stack(0x000000ee31000000,0x000000ee31100000) (1024K)]
  0x00000271ca06d260 WorkerThread "G1 Conc#1"                       [id=1636, stack(0x000000ee32d00000,0x000000ee32e00000) (1024K)]
  0x00000271ca06c040 WorkerThread "G1 Conc#2"                       [id=7996, stack(0x000000ee32e00000,0x000000ee32f00000) (1024K)]
  0x00000271c561d4e0 ConcurrentGCThread "G1 Refine#0"               [id=22216, stack(0x000000ee31100000,0x000000ee31200000) (1024K)]
  0x00000271c561da10 ConcurrentGCThread "G1 Service"                [id=24000, stack(0x000000ee31200000,0x000000ee31300000) (1024K)]
Total: 18

Threads with active compile tasks:
Total: 0

VM state: at safepoint (normal execution)

VM Mutex/Monitor currently owned by a thread:  ([mutex/lock_event])
[0x00007ffab9f58690] Threads_lock - owner thread: 0x00000271c57dd460
[0x00007ffab9f58790] Heap_lock - owner thread: 0x00000271ab514ce0

Heap address: 0x0000000700000000, size: 4096 MB, Compressed Oops mode: Zero based, Oop shift amount: 3

CDS archive(s) not mapped
Compressed class space mapped at: 0x0000000800000000-0x0000000840000000, reserved size: 1073741824
Narrow klass base: 0x0000000800000000, Narrow klass shift: 0, Narrow klass range: 0x40000000

GC Precious Log:
 CardTable entry size: 512
 Card Set container configuration: InlinePtr #cards 4 size 8 Array Of Cards #cards 16 size 48 Howl #buckets 8 coarsen threshold 3686 Howl Bitmap #cards 512 size 80 coarsen threshold 460 Card regions per heap region 1 cards per card region 4096
 CPUs: 12 total, 12 available
 Memory: 5989M
 Large Page Support: Disabled
 NUMA Support: Disabled
 Compressed Oops: Enabled (Zero based)
 Heap Region Size: 2M
 Heap Min Capacity: 8M
 Heap Initial Capacity: 94M
 Heap Max Capacity: 4G
 Pre-touch: Disabled
 Parallel Workers: 10
 Concurrent Workers: 3
 Concurrent Refinement Workers: 10
 Periodic GC: Disabled

Heap:
 garbage-first heap   total 204800K, used 137550K [0x0000000700000000, 0x0000000800000000)
  region size 2048K, 5 young (10240K), 3 survivors (6144K)
 Metaspace       used 105100K, committed 107264K, reserved 1179648K
  class space    used 14860K, committed 15936K, reserved 1048576K

Heap Regions: E=young(eden), S=young(survivor), O=old, HS=humongous(starts), HC=humongous(continues), CS=collection set, F=free, TAMS=top-at-mark-start, PB=parsable bottom
|   0|0x0000000700000000, 0x0000000700200000, 0x0000000700200000|100%|HS|  |TAMS 0x0000000700200000| PB 0x0000000700000000| Complete 
|   1|0x0000000700200000, 0x0000000700400000, 0x0000000700400000|100%|HC|  |TAMS 0x0000000700400000| PB 0x0000000700200000| Complete 
|   2|0x0000000700400000, 0x0000000700600000, 0x0000000700600000|100%| O|  |TAMS 0x0000000700600000| PB 0x0000000700600000| Untracked 
|   3|0x0000000700600000, 0x0000000700800000, 0x0000000700800000|100%| O|  |TAMS 0x0000000700800000| PB 0x0000000700800000| Untracked 
|   4|0x0000000700800000, 0x0000000700a00000, 0x0000000700a00000|100%| O|  |TAMS 0x0000000700a00000| PB 0x0000000700a00000| Untracked 
|   5|0x0000000700a00000, 0x0000000700c00000, 0x0000000700c00000|100%| O|  |TAMS 0x0000000700c00000| PB 0x0000000700c00000| Updating 
|   6|0x0000000700c00000, 0x0000000700e00000, 0x0000000700e00000|100%| O|  |TAMS 0x0000000700e00000| PB 0x0000000700e00000| Untracked 
|   7|0x0000000700e00000, 0x0000000701000000, 0x0000000701000000|100%| O|  |TAMS 0x0000000701000000| PB 0x0000000701000000| Untracked 
|   8|0x0000000701000000, 0x0000000701200000, 0x0000000701200000|100%| O|  |TAMS 0x0000000701200000| PB 0x0000000701200000| Untracked 
|   9|0x0000000701200000, 0x0000000701400000, 0x0000000701400000|100%| O|  |TAMS 0x0000000701400000| PB 0x0000000701400000| Untracked 
|  10|0x0000000701400000, 0x0000000701600000, 0x0000000701600000|100%| O|  |TAMS 0x0000000701600000| PB 0x0000000701600000| Untracked 
|  11|0x0000000701600000, 0x0000000701800000, 0x0000000701800000|100%| O|  |TAMS 0x0000000701800000| PB 0x0000000701800000| Updating 
|  12|0x0000000701800000, 0x0000000701a00000, 0x0000000701a00000|100%|HS|  |TAMS 0x0000000701a00000| PB 0x0000000701800000| Complete 
|  13|0x0000000701a00000, 0x0000000701c00000, 0x0000000701c00000|100%|HC|  |TAMS 0x0000000701c00000| PB 0x0000000701a00000| Complete 
|  14|0x0000000701c00000, 0x0000000701e00000, 0x0000000701e00000|100%|HC|  |TAMS 0x0000000701e00000| PB 0x0000000701c00000| Complete 
|  15|0x0000000701e00000, 0x0000000702000000, 0x0000000702000000|100%|HS|  |TAMS 0x0000000702000000| PB 0x0000000701e00000| Complete 
|  16|0x0000000702000000, 0x0000000702200000, 0x0000000702200000|100%|HS|  |TAMS 0x0000000702200000| PB 0x0000000702000000| Complete 
|  17|0x0000000702200000, 0x0000000702400000, 0x0000000702400000|100%|HC|  |TAMS 0x0000000702400000| PB 0x0000000702200000| Complete 
|  18|0x0000000702400000, 0x0000000702600000, 0x0000000702600000|100%|HC|  |TAMS 0x0000000702600000| PB 0x0000000702400000| Complete 
|  19|0x0000000702600000, 0x0000000702800000, 0x0000000702800000|100%|HS|  |TAMS 0x0000000702800000| PB 0x0000000702600000| Complete 
|  20|0x0000000702800000, 0x0000000702a00000, 0x0000000702a00000|100%| O|  |TAMS 0x0000000702a00000| PB 0x0000000702a00000| Untracked 
|  21|0x0000000702a00000, 0x0000000702c00000, 0x0000000702c00000|100%| O|  |TAMS 0x0000000702c00000| PB 0x0000000702c00000| Updating 
|  22|0x0000000702c00000, 0x0000000702e00000, 0x0000000702e00000|100%| O|  |TAMS 0x0000000702e00000| PB 0x0000000702e00000| Untracked 
|  23|0x0000000702e00000, 0x0000000703000000, 0x0000000703000000|100%| O|  |TAMS 0x0000000703000000| PB 0x0000000703000000| Updating 
|  24|0x0000000703000000, 0x0000000703200000, 0x0000000703200000|100%| O|  |TAMS 0x0000000703200000| PB 0x0000000703200000| Untracked 
|  25|0x0000000703200000, 0x0000000703400000, 0x0000000703400000|100%| O|  |TAMS 0x0000000703400000| PB 0x0000000703400000| Updating 
|  26|0x0000000703400000, 0x0000000703600000, 0x0000000703600000|100%| O|  |TAMS 0x0000000703600000| PB 0x0000000703600000| Updating 
|  27|0x0000000703600000, 0x0000000703800000, 0x0000000703800000|100%|HS|  |TAMS 0x0000000703800000| PB 0x0000000703600000| Complete 
|  28|0x0000000703800000, 0x0000000703a00000, 0x0000000703a00000|100%| O|  |TAMS 0x0000000703a00000| PB 0x0000000703a00000| Updating 
|  29|0x0000000703a00000, 0x0000000703c00000, 0x0000000703c00000|100%| O|  |TAMS 0x0000000703c00000| PB 0x0000000703c00000| Updating 
|  30|0x0000000703c00000, 0x0000000703e00000, 0x0000000703e00000|100%| O|  |TAMS 0x0000000703e00000| PB 0x0000000703e00000| Untracked 
|  31|0x0000000703e00000, 0x0000000704000000, 0x0000000704000000|100%| O|  |TAMS 0x0000000704000000| PB 0x0000000704000000| Untracked 
|  32|0x0000000704000000, 0x0000000704200000, 0x0000000704200000|100%| O|  |TAMS 0x0000000704200000| PB 0x0000000704200000| Updating 
|  33|0x0000000704200000, 0x0000000704400000, 0x0000000704400000|100%| O|  |TAMS 0x0000000704400000| PB 0x0000000704400000| Untracked 
|  34|0x0000000704400000, 0x0000000704600000, 0x0000000704600000|100%| O|  |TAMS 0x0000000704600000| PB 0x0000000704600000| Updating 
|  35|0x0000000704600000, 0x0000000704800000, 0x0000000704800000|100%| O|  |TAMS 0x0000000704800000| PB 0x0000000704800000| Untracked 
|  36|0x0000000704800000, 0x0000000704a00000, 0x0000000704a00000|100%| O|  |TAMS 0x0000000704a00000| PB 0x0000000704a00000| Updating 
|  37|0x0000000704a00000, 0x0000000704c00000, 0x0000000704c00000|100%|HS|  |TAMS 0x0000000704c00000| PB 0x0000000704a00000| Complete 
|  38|0x0000000704c00000, 0x0000000704e00000, 0x0000000704e00000|100%|HS|  |TAMS 0x0000000704e00000| PB 0x0000000704c00000| Complete 
|  39|0x0000000704e00000, 0x0000000705000000, 0x0000000705000000|100%|HS|  |TAMS 0x0000000705000000| PB 0x0000000704e00000| Complete 
|  40|0x0000000705000000, 0x0000000705200000, 0x0000000705200000|100%|HC|  |TAMS 0x0000000705200000| PB 0x0000000705000000| Complete 
|  41|0x0000000705200000, 0x0000000705400000, 0x0000000705400000|100%| O|  |TAMS 0x0000000705400000| PB 0x0000000705400000| Updating 
|  42|0x0000000705400000, 0x0000000705600000, 0x0000000705600000|100%| O|  |TAMS 0x0000000705600000| PB 0x0000000705600000| Untracked 
|  43|0x0000000705600000, 0x0000000705800000, 0x0000000705800000|100%| O|  |TAMS 0x0000000705800000| PB 0x0000000705800000| Updating 
|  44|0x0000000705800000, 0x0000000705a00000, 0x0000000705a00000|100%| O|  |TAMS 0x0000000705a00000| PB 0x0000000705a00000| Untracked 
|  45|0x0000000705a00000, 0x0000000705c00000, 0x0000000705c00000|100%| O|  |TAMS 0x0000000705c00000| PB 0x0000000705c00000| Untracked 
|  46|0x0000000705c00000, 0x0000000705e00000, 0x0000000705e00000|100%| O|  |TAMS 0x0000000705e00000| PB 0x0000000705e00000| Untracked 
|  47|0x0000000705e00000, 0x0000000706000000, 0x0000000706000000|100%| O|  |TAMS 0x0000000706000000| PB 0x0000000706000000| Untracked 
|  48|0x0000000706000000, 0x0000000706200000, 0x0000000706200000|100%| O|  |TAMS 0x0000000706200000| PB 0x0000000706200000| Updating 
|  49|0x0000000706200000, 0x0000000706400000, 0x0000000706400000|100%|HS|  |TAMS 0x0000000706400000| PB 0x0000000706200000| Complete 
|  50|0x0000000706400000, 0x0000000706600000, 0x0000000706600000|100%|HC|  |TAMS 0x0000000706600000| PB 0x0000000706400000| Complete 
|  51|0x0000000706600000, 0x0000000706800000, 0x0000000706800000|100%| O|  |TAMS 0x0000000706800000| PB 0x0000000706800000| Updating 
|  52|0x0000000706800000, 0x0000000706a00000, 0x0000000706a00000|100%| O|  |TAMS 0x0000000706a00000| PB 0x0000000706a00000| Updating 
|  53|0x0000000706a00000, 0x0000000706c00000, 0x0000000706c00000|100%| O|  |TAMS 0x0000000706c00000| PB 0x0000000706c00000| Updating 
|  54|0x0000000706c00000, 0x0000000706e00000, 0x0000000706e00000|100%| O|  |TAMS 0x0000000706e00000| PB 0x0000000706e00000| Updating 
|  55|0x0000000706e00000, 0x0000000706ec6368, 0x0000000707000000| 38%| O|  |TAMS 0x0000000706ec6368| PB 0x0000000706ec6368| Updating 
|  56|0x0000000707000000, 0x0000000707200000, 0x0000000707200000|100%|HS|  |TAMS 0x0000000707000000| PB 0x0000000707000000| Complete 
|  57|0x0000000707200000, 0x0000000707200000, 0x0000000707400000|  0%| F|  |TAMS 0x0000000707200000| PB 0x0000000707200000| Untracked 
|  58|0x0000000707400000, 0x0000000707400000, 0x0000000707600000|  0%| F|  |TAMS 0x0000000707400000| PB 0x0000000707400000| Untracked 
|  59|0x0000000707600000, 0x0000000707600000, 0x0000000707800000|  0%| F|  |TAMS 0x0000000707600000| PB 0x0000000707600000| Untracked 
|  60|0x0000000707800000, 0x0000000707800000, 0x0000000707a00000|  0%| F|  |TAMS 0x0000000707800000| PB 0x0000000707800000| Untracked 
|  61|0x0000000707a00000, 0x0000000707a00000, 0x0000000707c00000|  0%| F|  |TAMS 0x0000000707a00000| PB 0x0000000707a00000| Untracked 
|  62|0x0000000707c00000, 0x0000000707c00000, 0x0000000707e00000|  0%| F|  |TAMS 0x0000000707c00000| PB 0x0000000707c00000| Untracked 
|  63|0x0000000707e00000, 0x0000000707e00000, 0x0000000708000000|  0%| F|  |TAMS 0x0000000707e00000| PB 0x0000000707e00000| Untracked 
|  64|0x0000000708000000, 0x0000000708000000, 0x0000000708200000|  0%| F|  |TAMS 0x0000000708000000| PB 0x0000000708000000| Untracked 
|  65|0x0000000708200000, 0x0000000708200000, 0x0000000708400000|  0%| F|  |TAMS 0x0000000708200000| PB 0x0000000708200000| Untracked 
|  66|0x0000000708400000, 0x0000000708400000, 0x0000000708600000|  0%| F|  |TAMS 0x0000000708400000| PB 0x0000000708400000| Untracked 
|  67|0x0000000708600000, 0x0000000708600000, 0x0000000708800000|  0%| F|  |TAMS 0x0000000708600000| PB 0x0000000708600000| Untracked 
|  68|0x0000000708800000, 0x0000000708800000, 0x0000000708a00000|  0%| F|  |TAMS 0x0000000708800000| PB 0x0000000708800000| Untracked 
|  69|0x0000000708a00000, 0x0000000708a00000, 0x0000000708c00000|  0%| F|  |TAMS 0x0000000708a00000| PB 0x0000000708a00000| Untracked 
|  70|0x0000000708c00000, 0x0000000708c00000, 0x0000000708e00000|  0%| F|  |TAMS 0x0000000708c00000| PB 0x0000000708c00000| Untracked 
|  71|0x0000000708e00000, 0x0000000708e00000, 0x0000000709000000|  0%| F|  |TAMS 0x0000000708e00000| PB 0x0000000708e00000| Untracked 
|  72|0x0000000709000000, 0x0000000709000000, 0x0000000709200000|  0%| F|  |TAMS 0x0000000709000000| PB 0x0000000709000000| Untracked 
|  73|0x0000000709200000, 0x0000000709200000, 0x0000000709400000|  0%| F|  |TAMS 0x0000000709200000| PB 0x0000000709200000| Untracked 
|  74|0x0000000709400000, 0x0000000709400000, 0x0000000709600000|  0%| F|  |TAMS 0x0000000709400000| PB 0x0000000709400000| Untracked 
|  75|0x0000000709600000, 0x0000000709600000, 0x0000000709800000|  0%| F|  |TAMS 0x0000000709600000| PB 0x0000000709600000| Untracked 
|  76|0x0000000709800000, 0x000000070998d668, 0x0000000709a00000| 77%| S|CS|TAMS 0x0000000709800000| PB 0x0000000709800000| Complete 
|  77|0x0000000709a00000, 0x0000000709c00000, 0x0000000709c00000|100%| S|CS|TAMS 0x0000000709a00000| PB 0x0000000709a00000| Complete 
|  78|0x0000000709c00000, 0x0000000709e00000, 0x0000000709e00000|100%| S|CS|TAMS 0x0000000709c00000| PB 0x0000000709c00000| Complete 
|  79|0x0000000709e00000, 0x0000000709e00000, 0x000000070a000000|  0%| F|  |TAMS 0x0000000709e00000| PB 0x0000000709e00000| Untracked 
|  80|0x000000070a000000, 0x000000070a000000, 0x000000070a200000|  0%| F|  |TAMS 0x000000070a000000| PB 0x000000070a000000| Untracked 
|  81|0x000000070a200000, 0x000000070a200000, 0x000000070a400000|  0%| F|  |TAMS 0x000000070a200000| PB 0x000000070a200000| Untracked 
|  82|0x000000070a400000, 0x000000070a400000, 0x000000070a600000|  0%| F|  |TAMS 0x000000070a400000| PB 0x000000070a400000| Untracked 
|  83|0x000000070a600000, 0x000000070a600000, 0x000000070a800000|  0%| F|  |TAMS 0x000000070a600000| PB 0x000000070a600000| Untracked 
|  84|0x000000070a800000, 0x000000070a800000, 0x000000070aa00000|  0%| F|  |TAMS 0x000000070a800000| PB 0x000000070a800000| Untracked 
|  85|0x000000070aa00000, 0x000000070aa00000, 0x000000070ac00000|  0%| F|  |TAMS 0x000000070aa00000| PB 0x000000070aa00000| Untracked 
|  86|0x000000070ac00000, 0x000000070ac00000, 0x000000070ae00000|  0%| F|  |TAMS 0x000000070ac00000| PB 0x000000070ac00000| Untracked 
|  87|0x000000070ae00000, 0x000000070ae00000, 0x000000070b000000|  0%| F|  |TAMS 0x000000070ae00000| PB 0x000000070ae00000| Untracked 
|  88|0x000000070b000000, 0x000000070b000000, 0x000000070b200000|  0%| F|  |TAMS 0x000000070b000000| PB 0x000000070b000000| Untracked 
|  89|0x000000070b200000, 0x000000070b200000, 0x000000070b400000|  0%| F|  |TAMS 0x000000070b200000| PB 0x000000070b200000| Untracked 
|  90|0x000000070b400000, 0x000000070b400000, 0x000000070b600000|  0%| F|  |TAMS 0x000000070b400000| PB 0x000000070b400000| Untracked 
|  91|0x000000070b600000, 0x000000070b6fc9d0, 0x000000070b800000| 49%| E|  |TAMS 0x000000070b600000| PB 0x000000070b600000| Complete 
|2040|0x00000007ff000000, 0x00000007ff200000, 0x00000007ff200000|100%| O|  |TAMS 0x00000007ff200000| PB 0x00000007ff200000| Updating 
|2041|0x00000007ff200000, 0x00000007ff400000, 0x00000007ff400000|100%| O|  |TAMS 0x00000007ff400000| PB 0x00000007ff400000| Updating 
|2042|0x00000007ff400000, 0x00000007ff600000, 0x00000007ff600000|100%| O|  |TAMS 0x00000007ff600000| PB 0x00000007ff600000| Updating 
|2043|0x00000007ff600000, 0x00000007ff800000, 0x00000007ff800000|100%| O|  |TAMS 0x00000007ff800000| PB 0x00000007ff800000| Updating 
|2044|0x00000007ff800000, 0x00000007ffa00000, 0x00000007ffa00000|100%| E|CS|TAMS 0x00000007ff800000| PB 0x00000007ff800000| Complete 
|2045|0x00000007ffa00000, 0x00000007ffc00000, 0x00000007ffc00000|100%| O|  |TAMS 0x00000007ffc00000| PB 0x00000007ffc00000| Updating 
|2046|0x00000007ffc00000, 0x00000007ffe00000, 0x00000007ffe00000|100%| O|  |TAMS 0x00000007ffe00000| PB 0x00000007ffe00000| Updating 
|2047|0x00000007ffe00000, 0x0000000800000000, 0x0000000800000000|100%| O|  |TAMS 0x0000000800000000| PB 0x0000000800000000| Untracked 

Card table byte_map: [0x00000271be350000,0x00000271beb50000] _byte_map_base: 0x00000271bab50000

Marking Bits: (CMBitMap*) 0x00000271ab504400
 Bits: [0x00000271beb50000, 0x00000271c2b50000)

Polling page: 0x00000271a9700000

Metaspace:

Usage:
  Non-class:     88.12 MB used.
      Class:     14.51 MB used.
       Both:    102.64 MB used.

Virtual space:
  Non-class space:      128.00 MB reserved,      89.19 MB ( 70%) committed,  2 nodes.
      Class space:        1.00 GB reserved,      15.56 MB (  2%) committed,  1 nodes.
             Both:        1.12 GB reserved,     104.75 MB (  9%) committed. 

Chunk freelists:
   Non-Class:  6.44 MB
       Class:  464.00 KB
        Both:  6.89 MB

MaxMetaspaceSize: unlimited
CompressedClassSpaceSize: 1.00 GB
Initial GC threshold: 21.00 MB
Current GC threshold: 153.56 MB
CDS: off
 - commit_granule_bytes: 65536.
 - commit_granule_words: 8192.
 - virtual_space_node_default_size: 8388608.
 - enlarge_chunks_in_place: 1.
 - use_allocation_guard: 0.


Internal statistics:

num_allocs_failed_limit: 9.
num_arena_births: 4380.
num_arena_deaths: 0.
num_vsnodes_births: 3.
num_vsnodes_deaths: 0.
num_space_committed: 1676.
num_space_uncommitted: 0.
num_chunks_returned_to_freelist: 9.
num_chunks_taken_from_freelist: 8921.
num_chunk_merges: 9.
num_chunk_splits: 5846.
num_chunks_enlarged: 3614.
num_inconsistent_stats: 0.

CodeHeap 'non-profiled nmethods': size=120000Kb used=6482Kb max_used=6730Kb free=113517Kb
 bounds [0x00000271b60d0000, 0x00000271b6770000, 0x00000271bd600000]
CodeHeap 'profiled nmethods': size=120000Kb used=18688Kb max_used=19412Kb free=101311Kb
 bounds [0x00000271ae600000, 0x00000271af900000, 0x00000271b5b30000]
CodeHeap 'non-nmethods': size=5760Kb used=1991Kb max_used=2017Kb free=3768Kb
 bounds [0x00000271b5b30000, 0x00000271b5da0000, 0x00000271b60d0000]
CodeCache: size=245760Kb, used=27161Kb, max_used=28159Kb, free=218596Kb
 total_blobs=10925, nmethods=10055, adapters=774, full_count=0
Compilation: enabled, stopped_count=0, restarted_count=0

Compilation events (20 events):
Event: 180.844 Thread 0x00000271c59a02b0 11885       3       java.lang.reflect.ProxyGenerator::checkReturnTypes (288 bytes)
Event: 180.853 Thread 0x00000271c59a02b0 nmethod 11885 0x00000271af8eab90 code [0x00000271af8eb0a0, 0x00000271af8ed7a8]
Event: 180.854 Thread 0x00000271c59a02b0 11886       3       java.lang.reflect.ProxyGenerator::computeUniqueCatchList (163 bytes)
Event: 180.858 Thread 0x00000271c59a02b0 nmethod 11886 0x00000271af8ee490 code [0x00000271af8ee7e0, 0x00000271af8f0090]
Event: 181.177 Thread 0x00000271c59a02b0 11887       3       java.util.concurrent.ScheduledThreadPoolExecutor$ScheduledFutureTask::isPeriodic (15 bytes)
Event: 181.178 Thread 0x00000271c59a02b0 nmethod 11887 0x00000271af8f0910 code [0x00000271af8f0aa0, 0x00000271af8f0c08]
Event: 181.181 Thread 0x00000271c5998b50 11888       4       java.util.Collections$UnmodifiableCollection::contains (11 bytes)
Event: 181.182 Thread 0x00000271c5998b50 nmethod 11888 0x00000271b6762190 code [0x00000271b6762320, 0x00000271b67623d8]
Event: 181.232 Thread 0x00000271c59a02b0 11889       3       sun.nio.cs.StreamDecoder::implRead (232 bytes)
Event: 181.248 Thread 0x00000271c59a02b0 nmethod 11889 0x00000271af8f0c90 code [0x00000271af8f0f40, 0x00000271af8f1c70]
Event: 181.940 Thread 0x00000271c59a02b0 11891       3       jdk.internal.org.objectweb.asm.Frame::setInputFrameFromDescriptor (175 bytes)
Event: 181.947 Thread 0x00000271c59a02b0 nmethod 11891 0x00000271af8f2110 code [0x00000271af8f2340, 0x00000271af8f2b18]
Event: 182.147 Thread 0x00000271c59a02b0 11892       3       java.security.SecureClassLoader$1::apply (9 bytes)
Event: 182.151 Thread 0x00000271c59a02b0 nmethod 11892 0x00000271af8f2f10 code [0x00000271af8f30c0, 0x00000271af8f3308]
Event: 182.151 Thread 0x00000271c59a02b0 11893       3       java.security.SecureClassLoader$1::apply (71 bytes)
Event: 182.815 Thread 0x00000271c59a02b0 nmethod 11893 0x00000271af8f3410 code [0x00000271af8f35e0, 0x00000271af8f38b8]
Event: 182.815 Thread 0x00000271c59a02b0 11894       3       java.security.SecureClassLoader::getPermissions (8 bytes)
Event: 182.817 Thread 0x00000271c59a02b0 nmethod 11894 0x00000271af8f3a10 code [0x00000271af8f3c00, 0x00000271af8f4048]
Event: 185.763 Thread 0x00000271c59a02b0 11895   !   3       java.util.ServiceLoader$ModuleServicesLookupIterator::hasNext (102 bytes)
Event: 185.769 Thread 0x00000271c59a02b0 nmethod 11895 0x00000271af8f4210 code [0x00000271af8f4460, 0x00000271af8f4dc8]

GC Heap History (20 events):
Event: 51.306 GC heap before
{Heap before GC invocations=26 (full 0):
 garbage-first heap   total 143360K, used 119099K [0x0000000700000000, 0x0000000800000000)
  region size 2048K, 20 young (40960K), 2 survivors (4096K)
 Metaspace       used 70689K, committed 72576K, reserved 1114112K
  class space    used 10008K, committed 10880K, reserved 1048576K
}
Event: 51.317 GC heap after
{Heap after GC invocations=27 (full 0):
 garbage-first heap   total 143360K, used 85643K [0x0000000700000000, 0x0000000800000000)
  region size 2048K, 2 young (4096K), 2 survivors (4096K)
 Metaspace       used 70689K, committed 72576K, reserved 1114112K
  class space    used 10008K, committed 10880K, reserved 1048576K
}
Event: 54.805 GC heap before
{Heap before GC invocations=27 (full 0):
 garbage-first heap   total 143360K, used 136843K [0x0000000700000000, 0x0000000800000000)
  region size 2048K, 24 young (49152K), 2 survivors (4096K)
 Metaspace       used 71366K, committed 73280K, reserved 1114112K
  class space    used 10121K, committed 11008K, reserved 1048576K
}
Event: 54.835 GC heap after
{Heap after GC invocations=28 (full 0):
 garbage-first heap   total 190464K, used 104044K [0x0000000700000000, 0x0000000800000000)
  region size 2048K, 3 young (6144K), 3 survivors (6144K)
 Metaspace       used 71366K, committed 73280K, reserved 1114112K
  class space    used 10121K, committed 11008K, reserved 1048576K
}
Event: 61.323 GC heap before
{Heap before GC invocations=28 (full 0):
 garbage-first heap   total 190464K, used 163436K [0x0000000700000000, 0x0000000800000000)
  region size 2048K, 33 young (67584K), 3 survivors (6144K)
 Metaspace       used 77211K, committed 79168K, reserved 1179648K
  class space    used 10804K, committed 11712K, reserved 1048576K
}
Event: 61.354 GC heap after
{Heap after GC invocations=29 (full 0):
 garbage-first heap   total 190464K, used 108052K [0x0000000700000000, 0x0000000800000000)
  region size 2048K, 3 young (6144K), 3 survivors (6144K)
 Metaspace       used 77211K, committed 79168K, reserved 1179648K
  class space    used 10804K, committed 11712K, reserved 1048576K
}
Event: 65.745 GC heap before
{Heap before GC invocations=30 (full 0):
 garbage-first heap   total 190464K, used 163348K [0x0000000700000000, 0x0000000800000000)
  region size 2048K, 31 young (63488K), 3 survivors (6144K)
 Metaspace       used 81965K, committed 83968K, reserved 1179648K
  class space    used 11501K, committed 12480K, reserved 1048576K
}
Event: 65.758 GC heap after
{Heap after GC invocations=31 (full 0):
 garbage-first heap   total 190464K, used 113678K [0x0000000700000000, 0x0000000800000000)
  region size 2048K, 4 young (8192K), 4 survivors (8192K)
 Metaspace       used 81965K, committed 83968K, reserved 1179648K
  class space    used 11501K, committed 12480K, reserved 1048576K
}
Event: 70.936 GC heap before
{Heap before GC invocations=31 (full 0):
 garbage-first heap   total 190464K, used 166926K [0x0000000700000000, 0x0000000800000000)
  region size 2048K, 31 young (63488K), 4 survivors (8192K)
 Metaspace       used 87051K, committed 89088K, reserved 1179648K
  class space    used 12169K, committed 13184K, reserved 1048576K
}
Event: 71.260 GC heap after
{Heap after GC invocations=32 (full 0):
 garbage-first heap   total 190464K, used 115530K [0x0000000700000000, 0x0000000800000000)
  region size 2048K, 2 young (4096K), 2 survivors (4096K)
 Metaspace       used 87051K, committed 89088K, reserved 1179648K
  class space    used 12169K, committed 13184K, reserved 1048576K
}
Event: 74.276 GC heap before
{Heap before GC invocations=32 (full 0):
 garbage-first heap   total 190464K, used 164682K [0x0000000700000000, 0x0000000800000000)
  region size 2048K, 27 young (55296K), 2 survivors (4096K)
 Metaspace       used 92088K, committed 94144K, reserved 1179648K
  class space    used 12839K, committed 13824K, reserved 1048576K
}
Event: 74.296 GC heap after
{Heap after GC invocations=33 (full 0):
 garbage-first heap   total 190464K, used 118002K [0x0000000700000000, 0x0000000800000000)
  region size 2048K, 3 young (6144K), 3 survivors (6144K)
 Metaspace       used 92088K, committed 94144K, reserved 1179648K
  class space    used 12839K, committed 13824K, reserved 1048576K
}
Event: 82.196 GC heap before
{Heap before GC invocations=34 (full 0):
 garbage-first heap   total 204800K, used 175346K [0x0000000700000000, 0x0000000800000000)
  region size 2048K, 30 young (61440K), 3 survivors (6144K)
 Metaspace       used 94369K, committed 96512K, reserved 1179648K
  class space    used 13166K, committed 14208K, reserved 1048576K
}
Event: 82.233 GC heap after
{Heap after GC invocations=35 (full 0):
 garbage-first heap   total 204800K, used 127733K [0x0000000700000000, 0x0000000800000000)
  region size 2048K, 4 young (8192K), 4 survivors (8192K)
 Metaspace       used 94369K, committed 96512K, reserved 1179648K
  class space    used 13166K, committed 14208K, reserved 1048576K
}
Event: 89.414 GC heap before
{Heap before GC invocations=35 (full 0):
 garbage-first heap   total 204800K, used 174837K [0x0000000700000000, 0x0000000800000000)
  region size 2048K, 28 young (57344K), 4 survivors (8192K)
 Metaspace       used 98302K, committed 100416K, reserved 1179648K
  class space    used 13770K, committed 14784K, reserved 1048576K
}
Event: 89.613 GC heap after
{Heap after GC invocations=36 (full 0):
 garbage-first heap   total 204800K, used 129116K [0x0000000700000000, 0x0000000800000000)
  region size 2048K, 2 young (4096K), 2 survivors (4096K)
 Metaspace       used 98302K, committed 100416K, reserved 1179648K
  class space    used 13770K, committed 14784K, reserved 1048576K
}
Event: 129.021 GC heap before
{Heap before GC invocations=36 (full 0):
 garbage-first heap   total 204800K, used 186460K [0x0000000700000000, 0x0000000800000000)
  region size 2048K, 30 young (61440K), 2 survivors (4096K)
 Metaspace       used 102822K, committed 105024K, reserved 1179648K
  class space    used 14542K, committed 15616K, reserved 1048576K
}
Event: 129.224 GC heap after
{Heap after GC invocations=37 (full 0):
 garbage-first heap   total 204800K, used 132311K [0x0000000700000000, 0x0000000800000000)
  region size 2048K, 3 young (6144K), 3 survivors (6144K)
 Metaspace       used 102822K, committed 105024K, reserved 1179648K
  class space    used 14542K, committed 15616K, reserved 1048576K
}
Event: 182.180 GC heap before
{Heap before GC invocations=37 (full 0):
 garbage-first heap   total 204800K, used 158935K [0x0000000700000000, 0x0000000800000000)
  region size 2048K, 17 young (34816K), 3 survivors (6144K)
 Metaspace       used 104813K, committed 107008K, reserved 1179648K
  class space    used 14827K, committed 15872K, reserved 1048576K
}
Event: 182.814 GC heap after
{Heap after GC invocations=38 (full 0):
 garbage-first heap   total 204800K, used 133454K [0x0000000700000000, 0x0000000800000000)
  region size 2048K, 3 young (6144K), 3 survivors (6144K)
 Metaspace       used 104813K, committed 107008K, reserved 1179648K
  class space    used 14827K, committed 15872K, reserved 1048576K
}

Dll operation events (3 events):
Event: 0.042 Loaded shared library C:\Program Files\Android\Android Studio\jbr\bin\java.dll
Event: 0.063 Loaded shared library C:\Program Files\Android\Android Studio\jbr\bin\zip.dll
Event: 3.255 Loaded shared library C:\Program Files\Android\Android Studio\jbr\bin\verify.dll

Deoptimization events (20 events):
Event: 177.321 Thread 0x00000271ca424b40 Uncommon trap: trap_request=0xffffff45 fr.pc=0x00000271b64c669c relative=0x000000000000007c
Event: 177.321 Thread 0x00000271ca424b40 Uncommon trap: reason=unstable_if action=reinterpret pc=0x00000271b64c669c method=com.google.common.cache.LocalCache.isExpired(Lcom/google/common/cache/ReferenceEntry;J)Z @ 9 c2
Event: 177.321 Thread 0x00000271ca424b40 DEOPT PACKING pc=0x00000271b64c669c sp=0x000000ee330f7190
Event: 177.321 Thread 0x00000271ca424b40 DEOPT UNPACKING pc=0x00000271b5b84422 sp=0x000000ee330f7120 mode 2
Event: 177.439 Thread 0x00000271ca424b40 Uncommon trap: trap_request=0xffffffbe fr.pc=0x00000271b66ab35c relative=0x00000000000004dc
Event: 177.439 Thread 0x00000271ca424b40 Uncommon trap: reason=profile_predicate action=maybe_recompile pc=0x00000271b66ab35c method=org.gradle.tooling.internal.provider.runner.ClientBuildEventGenerator.started(Lorg/gradle/internal/operations/BuildOperationDescriptor;Lorg/gradle/internal/operati
Event: 177.439 Thread 0x00000271ca424b40 DEOPT PACKING pc=0x00000271b66ab35c sp=0x000000ee330f7bb0
Event: 177.441 Thread 0x00000271ca424b40 DEOPT UNPACKING pc=0x00000271b5b84422 sp=0x000000ee330f7b70 mode 2
Event: 181.931 Thread 0x00000271ca424b40 Uncommon trap: trap_request=0xffffff45 fr.pc=0x00000271b61ea128 relative=0x0000000000000ee8
Event: 181.932 Thread 0x00000271ca424b40 Uncommon trap: reason=unstable_if action=reinterpret pc=0x00000271b61ea128 method=jdk.internal.org.objectweb.asm.Frame.getAbstractTypeFromDescriptor(Ljdk/internal/org/objectweb/asm/SymbolTable;Ljava/lang/String;I)I @ 189 c2
Event: 181.933 Thread 0x00000271ca424b40 DEOPT PACKING pc=0x00000271b61ea128 sp=0x000000ee330fae30
Event: 181.933 Thread 0x00000271ca424b40 DEOPT UNPACKING pc=0x00000271b5b84422 sp=0x000000ee330fadf0 mode 2
Event: 181.934 Thread 0x00000271ca424b40 Uncommon trap: trap_request=0xffffff45 fr.pc=0x00000271b61fb910 relative=0x0000000000002190
Event: 181.935 Thread 0x00000271ca424b40 Uncommon trap: reason=unstable_if action=reinterpret pc=0x00000271b61fb910 method=jdk.internal.org.objectweb.asm.Type.getArgumentTypes(Ljava/lang/String;)[Ljdk/internal/org/objectweb/asm/Type; @ 21 c2
Event: 181.935 Thread 0x00000271ca424b40 DEOPT PACKING pc=0x00000271b61fb910 sp=0x000000ee330faef0
Event: 181.935 Thread 0x00000271ca424b40 DEOPT UNPACKING pc=0x00000271b5b84422 sp=0x000000ee330fae20 mode 2
Event: 181.935 Thread 0x00000271ca424b40 Uncommon trap: trap_request=0xffffff45 fr.pc=0x00000271b61daa3c relative=0x00000000000001fc
Event: 181.935 Thread 0x00000271ca424b40 Uncommon trap: reason=unstable_if action=reinterpret pc=0x00000271b61daa3c method=jdk.internal.org.objectweb.asm.Type.getTypeInternal(Ljava/lang/String;II)Ljdk/internal/org/objectweb/asm/Type; @ 5 c2
Event: 181.936 Thread 0x00000271ca424b40 DEOPT PACKING pc=0x00000271b61daa3c sp=0x000000ee330fadf0
Event: 181.936 Thread 0x00000271ca424b40 DEOPT UNPACKING pc=0x00000271b5b84422 sp=0x000000ee330fada0 mode 2

Classes loaded (20 events):
Event: 71.844 Loading class com/sun/jmx/mbeanserver/StandardMBeanIntrospector
Event: 71.845 Loading class com/sun/jmx/mbeanserver/StandardMBeanIntrospector done
Event: 86.693 Loading class sun/reflect/generics/repository/FieldRepository
Event: 86.702 Loading class sun/reflect/generics/repository/FieldRepository done
Event: 87.280 Loading class java/util/regex/Pattern$Caret
Event: 87.371 Loading class java/util/regex/Pattern$Caret done
Event: 88.031 Loading class java/beans/PropertyChangeListener
Event: 88.034 Loading class java/beans/PropertyChangeListener done
Event: 91.654 Loading class java/util/ArrayList$SubList$2
Event: 91.664 Loading class java/util/ArrayList$SubList$2 done
Event: 131.882 Loading class java/util/Stack
Event: 131.891 Loading class java/util/Stack done
Event: 134.607 Loading class java/lang/AbstractMethodError
Event: 134.610 Loading class java/lang/AbstractMethodError done
Event: 175.488 Loading class java/util/AbstractList$ListItr
Event: 175.763 Loading class java/util/AbstractList$ListItr done
Event: 181.120 Loading class java/io/NotSerializableException
Event: 181.130 Loading class java/io/NotSerializableException done
Event: 181.657 Loading class java/util/IdentityHashMap$KeyIterator
Event: 181.671 Loading class java/util/IdentityHashMap$KeyIterator done

Classes unloaded (0 events):
No events

Classes redefined (0 events):
No events

Internal exceptions (20 events):
Event: 128.805 Thread 0x00000271ca424b40 Exception <a 'java/lang/ClassNotFoundException'{0x0000000707c31a10}: com/android/build/gradle/internal/api/ReadOnlyBaseConfigCustomizer> (0x0000000707c31a10) 
thrown [s\src\hotspot\share\classfile\systemDictionary.cpp, line 312]
Event: 128.820 Thread 0x00000271ca424b40 Exception <a 'java/lang/ClassNotFoundException'{0x0000000707c509e8}: com/android/build/gradle/internal/api/ReadOnlyBuildTypeCustomizer> (0x0000000707c509e8) 
thrown [s\src\hotspot\share\classfile\systemDictionary.cpp, line 312]
Event: 130.849 Thread 0x00000271ca426c10 Exception <a 'sun/nio/fs/WindowsException'{0x000000070b302768}> (0x000000070b302768) 
thrown [s\src\hotspot\share\prims\jni.cpp, line 537]
Event: 130.870 Thread 0x00000271ca426c10 Exception <a 'sun/nio/fs/WindowsException'{0x000000070b30d5d8}> (0x000000070b30d5d8) 
thrown [s\src\hotspot\share\prims\jni.cpp, line 537]
Event: 134.680 Thread 0x00000271ca424b40 Implicit null exception at 0x00000271b66de2c4 to 0x00000271b66deb14
Event: 169.363 Thread 0x00000271ca426c10 Exception <a 'sun/nio/fs/WindowsException'{0x000000070a37ff38}> (0x000000070a37ff38) 
thrown [s\src\hotspot\share\prims\jni.cpp, line 537]
Event: 171.846 Thread 0x00000271ca426c10 Exception <a 'sun/nio/fs/WindowsException'{0x000000070a395638}> (0x000000070a395638) 
thrown [s\src\hotspot\share\prims\jni.cpp, line 537]
Event: 171.994 Thread 0x00000271ca426c10 Exception <a 'sun/nio/fs/WindowsException'{0x000000070a39fea0}> (0x000000070a39fea0) 
thrown [s\src\hotspot\share\prims\jni.cpp, line 537]
Event: 172.082 Thread 0x00000271ca426c10 Exception <a 'sun/nio/fs/WindowsException'{0x000000070a3aacb8}> (0x000000070a3aacb8) 
thrown [s\src\hotspot\share\prims\jni.cpp, line 537]
Event: 172.207 Thread 0x00000271ca426c10 Exception <a 'sun/nio/fs/WindowsException'{0x000000070a3b8358}> (0x000000070a3b8358) 
thrown [s\src\hotspot\share\prims\jni.cpp, line 537]
Event: 172.246 Thread 0x00000271ca426c10 Exception <a 'sun/nio/fs/WindowsException'{0x000000070a3c3390}> (0x000000070a3c3390) 
thrown [s\src\hotspot\share\prims\jni.cpp, line 537]
Event: 172.256 Thread 0x00000271ca426c10 Exception <a 'sun/nio/fs/WindowsException'{0x000000070a3cdc00}> (0x000000070a3cdc00) 
thrown [s\src\hotspot\share\prims\jni.cpp, line 537]
Event: 172.271 Thread 0x00000271ca426c10 Exception <a 'sun/nio/fs/WindowsException'{0x000000070a3d8a18}> (0x000000070a3d8a18) 
thrown [s\src\hotspot\share\prims\jni.cpp, line 537]
Event: 177.439 Thread 0x00000271ca424b40 Implicit null exception at 0x00000271b66aaf47 to 0x00000271b66ab340
Event: 178.388 Thread 0x00000271cae2d420 Exception <a 'java/lang/NoSuchMethodError'{0x000000070a112080}: static Lorg/gradle/internal/build/event/types/DefaultOperationFinishedProgressEvent;.<clinit>()V> (0x000000070a112080) 
thrown [s\src\hotspot\share\prims\jni.cpp, line 1144]
Event: 178.458 Thread 0x00000271cae2d420 Exception <a 'java/lang/NoSuchMethodError'{0x000000070a130a00}: static Lorg/gradle/internal/build/event/types/DefaultSuccessResult;.<clinit>()V> (0x000000070a130a00) 
thrown [s\src\hotspot\share\prims\jni.cpp, line 1144]
Event: 178.458 Thread 0x00000271cae2d420 Exception <a 'java/lang/NoSuchMethodError'{0x000000070a131b88}: static Lorg/gradle/internal/build/event/types/AbstractOperationResult;.<clinit>()V> (0x000000070a131b88) 
thrown [s\src\hotspot\share\prims\jni.cpp, line 1144]
Event: 178.460 Thread 0x00000271cae2d420 Exception <a 'java/lang/NoSuchMethodError'{0x000000070a132d68}: static Lorg/gradle/internal/build/event/types/AbstractResult;.<clinit>()V> (0x000000070a132d68) 
thrown [s\src\hotspot\share\prims\jni.cpp, line 1144]
Event: 180.748 Thread 0x00000271ca426c10 Exception <a 'sun/nio/fs/WindowsException'{0x000000070a13fa18}> (0x000000070a13fa18) 
thrown [s\src\hotspot\share\prims\jni.cpp, line 537]
Event: 180.774 Thread 0x00000271ca426c10 Exception <a 'sun/nio/fs/WindowsException'{0x000000070a14a858}> (0x000000070a14a858) 
thrown [s\src\hotspot\share\prims\jni.cpp, line 537]

ZGC Phase Switch (0 events):
No events

VM Operations (20 events):
Event: 174.201 Executing VM operation: Cleanup done
Event: 175.211 Executing VM operation: Cleanup
Event: 175.258 Executing VM operation: Cleanup done
Event: 176.271 Executing VM operation: Cleanup
Event: 176.914 Executing VM operation: Cleanup done
Event: 176.914 Executing VM operation: HandshakeAllThreads (Deoptimize)
Event: 176.939 Executing VM operation: HandshakeAllThreads (Deoptimize) done
Event: 177.949 Executing VM operation: Cleanup
Event: 177.966 Executing VM operation: Cleanup done
Event: 178.966 Executing VM operation: Cleanup
Event: 178.982 Executing VM operation: Cleanup done
Event: 181.004 Executing VM operation: Cleanup
Event: 181.067 Executing VM operation: Cleanup done
Event: 182.068 Executing VM operation: Cleanup
Event: 182.100 Executing VM operation: Cleanup done
Event: 182.165 Executing VM operation: G1TryInitiateConcMark (G1 Humongous Allocation)
Event: 182.814 Executing VM operation: G1TryInitiateConcMark (G1 Humongous Allocation) done
Event: 183.817 Executing VM operation: Cleanup
Event: 183.880 Executing VM operation: Cleanup done
Event: 185.845 Executing VM operation: G1PauseRemark

Memory protections (0 events):
No events

Nmethod flushes (20 events):
Event: 186.563 Thread 0x00000271c57dd460 flushing  nmethod 0x00000271aea04610
Event: 186.563 Thread 0x00000271c57dd460 flushing  nmethod 0x00000271aea37390
Event: 186.563 Thread 0x00000271c57dd460 flushing  nmethod 0x00000271aeb02990
Event: 186.563 Thread 0x00000271c57dd460 flushing  nmethod 0x00000271aed10590
Event: 186.563 Thread 0x00000271c57dd460 flushing  nmethod 0x00000271aed10c10
Event: 186.563 Thread 0x00000271c57dd460 flushing  nmethod 0x00000271aed12790
Event: 186.563 Thread 0x00000271c57dd460 flushing  nmethod 0x00000271aed15d10
Event: 186.563 Thread 0x00000271c57dd460 flushing  nmethod 0x00000271aed16590
Event: 186.564 Thread 0x00000271c57dd460 flushing  nmethod 0x00000271aed18690
Event: 186.564 Thread 0x00000271c57dd460 flushing  nmethod 0x00000271aed5bc10
Event: 186.564 Thread 0x00000271c57dd460 flushing  nmethod 0x00000271aee43890
Event: 186.564 Thread 0x00000271c57dd460 flushing  nmethod 0x00000271aee43e10
Event: 186.564 Thread 0x00000271c57dd460 flushing  nmethod 0x00000271aeeca910
Event: 186.564 Thread 0x00000271c57dd460 flushing  nmethod 0x00000271aeecdd10
Event: 186.564 Thread 0x00000271c57dd460 flushing  nmethod 0x00000271aeed0690
Event: 186.564 Thread 0x00000271c57dd460 flushing  nmethod 0x00000271aef84010
Event: 186.564 Thread 0x00000271c57dd460 flushing  nmethod 0x00000271aef84710
Event: 186.564 Thread 0x00000271c57dd460 flushing  nmethod 0x00000271af06a690
Event: 186.564 Thread 0x00000271c57dd460 flushing  nmethod 0x00000271af1dd590
Event: 186.564 Thread 0x00000271c57dd460 flushing  nmethod 0x00000271af4b1a90

Events (20 events):
Event: 48.908 Thread 0x00000271ca424b40 Thread added: 0x00000271cb78f5b0
Event: 48.915 Thread 0x00000271ca424b40 Thread added: 0x00000271cb790ff0
Event: 48.919 Thread 0x00000271ca424b40 Thread added: 0x00000271cb78fc40
Event: 48.933 Thread 0x00000271ca424b40 Thread added: 0x00000271cb7902d0
Event: 48.937 Thread 0x00000271ca424b40 Thread added: 0x00000271ca2a6720
Event: 49.762 Thread 0x00000271ca424b40 Thread added: 0x00000271ca2a7ad0
Event: 49.763 Thread 0x00000271ca424b40 Thread added: 0x00000271ca2a7440
Event: 49.765 Thread 0x00000271ca424b40 Thread added: 0x00000271ca2aa230
Event: 49.767 Thread 0x00000271ca424b40 Thread added: 0x00000271ca2a8160
Event: 49.770 Thread 0x00000271ca424b40 Thread added: 0x00000271ca2a87f0
Event: 49.774 Thread 0x00000271ca424b40 Thread added: 0x00000271ca2a6db0
Event: 49.777 Thread 0x00000271ca424b40 Thread added: 0x00000271ca2ac300
Event: 49.779 Thread 0x00000271ca424b40 Thread added: 0x00000271ca2a8e80
Event: 49.785 Thread 0x00000271ca424b40 Thread added: 0x00000271ca2a9510
Event: 49.798 Thread 0x00000271ca424b40 Thread added: 0x00000271ca2ab5e0
Event: 49.802 Thread 0x00000271ca424b40 Thread added: 0x00000271ca2ad020
Event: 63.504 Thread 0x00000271ca424b40 Thread added: 0x00000271ce5bb370
Event: 68.612 Thread 0x00000271ca424b40 Thread added: 0x00000271ce5bace0
Event: 71.977 Thread 0x00000271ca424b40 Thread added: 0x00000271ce5bc720
Event: 181.683 Thread 0x00000271cad9e480 Thread exited: 0x00000271cad9e480


Dynamic libraries:
0x00007ff7327d0000 - 0x00007ff7327da000 	C:\Program Files\Android\Android Studio\jbr\bin\java.exe
0x00007ffb935a0000 - 0x00007ffb93807000 	C:\WINDOWS\SYSTEM32\ntdll.dll
0x00007ffb92d50000 - 0x00007ffb92e19000 	C:\WINDOWS\System32\KERNEL32.DLL
0x00007ffb90f00000 - 0x00007ffb912f4000 	C:\WINDOWS\System32\KERNELBASE.dll
0x00007ffb8ffa0000 - 0x00007ffb900eb000 	C:\WINDOWS\System32\ucrtbase.dll
0x00007ffb7a710000 - 0x00007ffb7a72b000 	C:\Program Files\Android\Android Studio\jbr\bin\VCRUNTIME140.dll
0x00007ffb80f20000 - 0x00007ffb80f38000 	C:\Program Files\Android\Android Studio\jbr\bin\jli.dll
0x00007ffb91a00000 - 0x00007ffb91bc5000 	C:\WINDOWS\System32\USER32.dll
0x00007ffb91300000 - 0x00007ffb91327000 	C:\WINDOWS\System32\win32u.dll
0x00007ffb92190000 - 0x00007ffb921bb000 	C:\WINDOWS\System32\GDI32.dll
0x00007ffb8fe70000 - 0x00007ffb8ff9b000 	C:\WINDOWS\System32\gdi32full.dll
0x00007ffb900f0000 - 0x00007ffb90193000 	C:\WINDOWS\System32\msvcp_win.dll
0x00007ffb7e1f0000 - 0x00007ffb7e483000 	C:\WINDOWS\WinSxS\amd64_microsoft.windows.common-controls_6595b64144ccf1df_6.0.26100.8115_none_3e075c82e3354f9c\COMCTL32.dll
0x00007ffb93010000 - 0x00007ffb930b9000 	C:\WINDOWS\System32\msvcrt.dll
0x00007ffb925a0000 - 0x00007ffb925d2000 	C:\WINDOWS\System32\IMM32.DLL
0x00007ffb80f10000 - 0x00007ffb80f1c000 	C:\Program Files\Android\Android Studio\jbr\bin\vcruntime140_1.dll
0x00007ffb43ef0000 - 0x00007ffb43f7d000 	C:\Program Files\Android\Android Studio\jbr\bin\msvcp140.dll
0x00007ffab93a0000 - 0x00007ffaba036000 	C:\Program Files\Android\Android Studio\jbr\bin\server\jvm.dll
0x00007ffb921e0000 - 0x00007ffb92296000 	C:\WINDOWS\System32\ADVAPI32.dll
0x00007ffb91bd0000 - 0x00007ffb91c77000 	C:\WINDOWS\System32\sechost.dll
0x00007ffb917e0000 - 0x00007ffb918f8000 	C:\WINDOWS\System32\RPCRT4.dll
0x00007ffb91c80000 - 0x00007ffb91d00000 	C:\WINDOWS\System32\WS2_32.dll
0x00007ffb8fcf0000 - 0x00007ffb8fd4e000 	C:\WINDOWS\SYSTEM32\POWRPROF.dll
0x00007ffb8a320000 - 0x00007ffb8a32b000 	C:\WINDOWS\SYSTEM32\VERSION.dll
0x00007ffb89290000 - 0x00007ffb892c6000 	C:\WINDOWS\SYSTEM32\WINMM.dll
0x00007ffb8fcd0000 - 0x00007ffb8fce4000 	C:\WINDOWS\SYSTEM32\UMPDC.dll
0x00007ffb8eb60000 - 0x00007ffb8eb7b000 	C:\WINDOWS\SYSTEM32\kernel.appcore.dll
0x00007ffb7bf00000 - 0x00007ffb7bf0a000 	C:\Program Files\Android\Android Studio\jbr\bin\jimage.dll
0x00007ffb85ab0000 - 0x00007ffb85cf2000 	C:\WINDOWS\SYSTEM32\DBGHELP.DLL
0x00007ffb91d80000 - 0x00007ffb92102000 	C:\WINDOWS\System32\combase.dll
0x00007ffb92360000 - 0x00007ffb92438000 	C:\WINDOWS\System32\OLEAUT32.dll
0x00007ffb7d610000 - 0x00007ffb7d64b000 	C:\WINDOWS\SYSTEM32\dbgcore.DLL
0x00007ffb90e50000 - 0x00007ffb90ef5000 	C:\WINDOWS\System32\bcryptPrimitives.dll
0x00007ffb78760000 - 0x00007ffb7876e000 	C:\Program Files\Android\Android Studio\jbr\bin\instrument.dll
0x00007ffb5def0000 - 0x00007ffb5df10000 	C:\Program Files\Android\Android Studio\jbr\bin\java.dll
0x00007ffb5d630000 - 0x00007ffb5d648000 	C:\Program Files\Android\Android Studio\jbr\bin\zip.dll
0x00007ffb925e0000 - 0x00007ffb92d47000 	C:\WINDOWS\System32\SHELL32.dll
0x00007ffb90aa0000 - 0x00007ffb90c0a000 	C:\WINDOWS\System32\wintypes.dll
0x00007ffb90230000 - 0x00007ffb90a98000 	C:\WINDOWS\System32\windows.storage.dll
0x00007ffb92490000 - 0x00007ffb92588000 	C:\WINDOWS\System32\SHCORE.dll
0x00007ffb91770000 - 0x00007ffb917d6000 	C:\WINDOWS\System32\shlwapi.dll
0x00007ffb8fd90000 - 0x00007ffb8fdb9000 	C:\WINDOWS\SYSTEM32\profapi.dll
0x00007ffb62450000 - 0x00007ffb62460000 	C:\Program Files\Android\Android Studio\jbr\bin\net.dll
0x00007ffb894e0000 - 0x00007ffb8960d000 	C:\WINDOWS\SYSTEM32\WINHTTP.dll
0x00007ffb8f170000 - 0x00007ffb8f1dc000 	C:\WINDOWS\system32\mswsock.dll
0x00007ffb52630000 - 0x00007ffb52646000 	C:\Program Files\Android\Android Studio\jbr\bin\nio.dll
0x00007ffb5de80000 - 0x00007ffb5de90000 	C:\Program Files\Android\Android Studio\jbr\bin\verify.dll
0x00007ffb6b960000 - 0x00007ffb6b987000 	C:\Users\user\.gradle\native\1def1411415f61bf3af743bc5b6707747c0891f09f0c88961ee8f79bc544acac\windows-amd64\native-platform.dll
0x00007ffb3c1f0000 - 0x00007ffb3c267000 	C:\Users\user\.gradle\native\0.2.8\x86_64-windows-gnu\gradle-fileevents.dll
0x00007ffb5a030000 - 0x00007ffb5a039000 	C:\Program Files\Android\Android Studio\jbr\bin\management.dll
0x00007ffb52620000 - 0x00007ffb5262b000 	C:\Program Files\Android\Android Studio\jbr\bin\management_ext.dll
0x00007ffb92590000 - 0x00007ffb92598000 	C:\WINDOWS\System32\PSAPI.DLL
0x00007ffb8e600000 - 0x00007ffb8e632000 	C:\WINDOWS\SYSTEM32\IPHLPAPI.DLL
0x00007ffb93000000 - 0x00007ffb9300a000 	C:\WINDOWS\System32\NSI.dll
0x00007ffb524b0000 - 0x00007ffb524b9000 	C:\Program Files\Android\Android Studio\jbr\bin\extnet.dll
0x00007ffb8f460000 - 0x00007ffb8f47b000 	C:\WINDOWS\SYSTEM32\CRYPTSP.dll
0x00007ffb8eb80000 - 0x00007ffb8ebb9000 	C:\WINDOWS\system32\rsaenh.dll
0x00007ffb8f220000 - 0x00007ffb8f253000 	C:\WINDOWS\SYSTEM32\USERENV.dll
0x00007ffb8fd60000 - 0x00007ffb8fd8a000 	C:\WINDOWS\SYSTEM32\bcrypt.dll
0x00007ffb8f450000 - 0x00007ffb8f45c000 	C:\WINDOWS\SYSTEM32\CRYPTBASE.dll
0x00007ffb70c40000 - 0x00007ffb70c48000 	C:\WINDOWS\system32\wshunix.dll

JVMTI agents:
C:\Users\user\.gradle\wrapper\dists\gradle-9.0.0-bin\d6wjpkvcgsg3oed0qlfss3wgl\gradle-9.0.0\lib\agents\gradle-instrumentation-agent-9.0.0.jar path:C:\Program Files\Android\Android Studio\jbr\bin\instrument.dll, loaded, initialized, instrumentlib options:none

dbghelp: loaded successfully - version: 4.0.5 - missing functions: none
symbol engine: initialized successfully - sym options: 0x614 - pdb path: .;C:\Program Files\Android\Android Studio\jbr\bin;C:\WINDOWS\SYSTEM32;C:\WINDOWS\WinSxS\amd64_microsoft.windows.common-controls_6595b64144ccf1df_6.0.26100.8115_none_3e075c82e3354f9c;C:\Program Files\Android\Android Studio\jbr\bin\server;C:\Users\user\.gradle\native\1def1411415f61bf3af743bc5b6707747c0891f09f0c88961ee8f79bc544acac\windows-amd64;C:\Users\user\.gradle\native\0.2.8\x86_64-windows-gnu

VM Arguments:
jvm_args: --add-opens=java.base/java.lang=ALL-UNNAMED --add-opens=java.base/java.lang.invoke=ALL-UNNAMED --add-opens=java.base/java.util=ALL-UNNAMED --add-opens=java.prefs/java.util.prefs=ALL-UNNAMED --add-exports=jdk.compiler/com.sun.tools.javac.api=ALL-UNNAMED --add-exports=jdk.compiler/com.sun.tools.javac.util=ALL-UNNAMED --add-opens=java.base/java.util=ALL-UNNAMED --add-opens=java.prefs/java.util.prefs=ALL-UNNAMED --add-opens=java.base/java.nio.charset=ALL-UNNAMED --add-opens=java.base/java.net=ALL-UNNAMED --add-opens=java.base/java.util.concurrent=ALL-UNNAMED --add-opens=java.base/java.util.concurrent.atomic=ALL-UNNAMED --add-opens=java.xml/javax.xml.namespace=ALL-UNNAMED -Xmx4096m -Dfile.encoding=UTF-8 -Duser.country=IN -Duser.language=en -Duser.variant -javaagent:C:\Users\user\.gradle\wrapper\dists\gradle-9.0.0-bin\d6wjpkvcgsg3oed0qlfss3wgl\gradle-9.0.0\lib\agents\gradle-instrumentation-agent-9.0.0.jar 
java_command: org.gradle.launcher.daemon.bootstrap.GradleDaemon 9.0.0
java_class_path (initial): C:\Users\user\.gradle\wrapper\dists\gradle-9.0.0-bin\d6wjpkvcgsg3oed0qlfss3wgl\gradle-9.0.0\lib\gradle-daemon-main-9.0.0.jar
Launcher Type: SUN_STANDARD

[Global flags]
     intx CICompilerCount                          = 4                                         {product} {ergonomic}
     uint ConcGCThreads                            = 3                                         {product} {ergonomic}
     uint G1ConcRefinementThreads                  = 10                                        {product} {ergonomic}
   size_t G1HeapRegionSize                         = 2097152                                   {product} {ergonomic}
    uintx GCDrainStackTargetSize                   = 64                                        {product} {ergonomic}
   size_t InitialHeapSize                          = 98566144                                  {product} {ergonomic}
   size_t MarkStackSize                            = 4194304                                   {product} {ergonomic}
   size_t MaxHeapSize                              = 4294967296                                {product} {command line}
   size_t MaxNewSize                               = 2575302656                                {product} {ergonomic}
   size_t MinHeapDeltaBytes                        = 2097152                                   {product} {ergonomic}
   size_t MinHeapSize                              = 8388608                                   {product} {ergonomic}
    uintx NonNMethodCodeHeapSize                   = 5839372                                {pd product} {ergonomic}
    uintx NonProfiledCodeHeapSize                  = 122909434                              {pd product} {ergonomic}
    uintx ProfiledCodeHeapSize                     = 122909434                              {pd product} {ergonomic}
    uintx ReservedCodeCacheSize                    = 251658240                              {pd product} {ergonomic}
     bool SegmentedCodeCache                       = true                                      {product} {ergonomic}
   size_t SoftMaxHeapSize                          = 4294967296                             {manageable} {ergonomic}
     bool UseCompressedOops                        = true                           {product lp64_product} {ergonomic}
     bool UseG1GC                                  = true                                      {product} {ergonomic}
     bool UseLargePagesIndividualAllocation        = false                                  {pd product} {ergonomic}

Logging:
Log output configuration:
 #0: stdout all=warning uptime,level,tags foldmultilines=false
 #1: stderr all=off uptime,level,tags foldmultilines=false

Release file:
JAVA_VERSION="21.0.9" 
MODULES="java.base java.compiler java.datatransfer java.xml java.prefs java.desktop java.instrument java.logging java.management java.security.sasl java.naming java.rmi java.management.rmi java.net.http java.scripting java.security.jgss java.transaction.xa java.sql java.sql.rowset java.xml.crypto java.se java.smartcardio jdk.accessibility jdk.internal.jvmstat jdk.attach jdk.charsets jdk.internal.opt jdk.zipfs jdk.compiler jdk.crypto.ec jdk.crypto.cryptoki jdk.dynalink jdk.hotspot.agent jdk.httpserver jdk.internal.ed jdk.internal.le jdk.internal.vm.ci jdk.jartool jdk.javadoc jdk.jcmd jdk.jdeps jdk.jdwp.agent jdk.jdi jdk.jfr jdk.jlink jdk.jsobject jdk.localedata jdk.management jdk.management.agent jdk.management.jfr jdk.naming.dns jdk.naming.rmi jdk.net jdk.sctp jdk.security.auth jdk.security.jgss jdk.unsupported jdk.unsupported.desktop jdk.xml.dom" 
IMPLEMENTOR="JetBrains s.r.o." 
JAVA_RUNTIME_VERSION="21.0.9+-14649483-b1163.86" 
LIBC="default" 
OS_ARCH="x86_64" 
OS_NAME="Windows" 
SOURCE=".:git:554d0c326095" 

Environment Variables:
PATH=C:\WINDOWS\system32;C:\WINDOWS;C:\WINDOWS\System32\Wbem;C:\WINDOWS\System32\WindowsPowerShell\v1.0\;C:\WINDOWS\System32\OpenSSH\;C:\Program Files\nodejs\;C:\Users\user\AppData\Local\Programs\Python\Python310\Scripts\;C:\Users\user\AppData\Local\Programs\Python\Python310\;C:\Users\user\AppData\Local\Microsoft\WindowsApps;C:\Users\user\AppData\Roaming\npm
USERNAME=user
OS=Windows_NT
PROCESSOR_IDENTIFIER=AMD64 Family 23 Model 104 Stepping 1, AuthenticAMD
TMP=C:\Users\user\AppData\Local\Temp
TEMP=C:\Users\user\AppData\Local\Temp




Periodic native trim disabled

JNI global refs:
JNI global refs: 27, weak refs: 0

JNI global refs memory usage: 835, weak refs: 201

Process memory usage:
Resident Set Size: 15160K (0% of 6133252K total physical memory with 7176K free physical memory)

OOME stack traces (most recent first):
Classloader memory used:
Loader org.gradle.internal.classloader.VisitableURLClassLoader                         : 40137K
Loader bootstrap                                                                       : 26984K
Loader org.gradle.internal.classloader.VisitableURLClassLoader$InstrumentingVisitableURLClassLoader: 24327K
Loader org.gradle.initialization.MixInLegacyTypesClassLoader                           : 11740K
Loader org.gradle.internal.classloader.VisitableURLClassLoader                         : 1048K
Loader jdk.internal.reflect.DelegatingClassLoader                                      : 372K
Loader jdk.internal.loader.ClassLoaders$AppClassLoader                                 : 231K
Loader jdk.internal.loader.ClassLoaders$PlatformClassLoader                            : 168K
Loader org.gradle.groovy.scripts.internal.DefaultScriptCompilationHandler$ScriptClassLoader: 91520B

Classes loaded by more than one classloader:
Class Program                                                                         : loaded 5 times (x 72B)
Class com.google.common.collect.PeekingIterator                                       : loaded 3 times (x 70B)
Class com.google.common.base.Preconditions                                            : loaded 3 times (x 71B)
Class org.gradle.internal.IoActions                                                   : loaded 3 times (x 71B)
Class org.gradle.api.GradleException                                                  : loaded 3 times (x 82B)
Class org.gradle.api.Action                                                           : loaded 3 times (x 70B)
Class org.gradle.internal.Cast                                                        : loaded 3 times (x 71B)
Class com.google.common.collect.Iterators$9                                           : loaded 3 times (x 81B)
Class com.google.common.collect.Lists                                                 : loaded 3 times (x 71B)
Class com.google.common.collect.ImmutableCollection                                   : loaded 3 times (x 125B)
Class com.google.common.collect.Iterators$5                                           : loaded 3 times (x 82B)
Class com.google.common.collect.Iterators$4                                           : loaded 3 times (x 82B)
Class com.google.common.collect.Iterators$1                                           : loaded 3 times (x 81B)
Class com.google.common.collect.Iterators$MergingIterator                             : loaded 3 times (x 81B)
Class com.google.common.collect.AbstractIndexedListIterator                           : loaded 3 times (x 96B)
Class com.google.common.collect.AbstractIterator                                      : loaded 3 times (x 82B)
Class com.google.common.collect.Lists$StringAsImmutableList                           : loaded 3 times (x 207B)
Class com.google.common.collect.UnmodifiableListIterator                              : loaded 3 times (x 95B)
Class com.google.common.collect.Iterators                                             : loaded 3 times (x 71B)
Class com.google.common.collect.UnmodifiableIterator                                  : loaded 3 times (x 80B)
Class com.google.common.collect.Iterators$ArrayItr                                    : loaded 3 times (x 97B)
Class com.google.common.collect.ImmutableList                                         : loaded 3 times (x 206B)
Class com.google.common.base.Platform$JdkPatternCompiler                              : loaded 2 times (x 75B)
Class org.gradle.internal.classloader.DefaultClassLoaderFactory                       : loaded 2 times (x 82B)
Class com.google.common.base.CharMatcher$None                                         : loaded 2 times (x 112B)
Class kotlin.collections.AbstractList$Companion                                       : loaded 2 times (x 71B)
Class org.gradle.internal.classloader.ClassLoaderVisitor                              : loaded 2 times (x 76B)
Class [Lcom.google.common.collect.ImmutableMapEntry;                                  : loaded 2 times (x 69B)
Class org.gradle.api.internal.classpath.EffectiveClassPath                            : loaded 2 times (x 90B)
Class com.google.common.collect.ImmutableRangeSet                                     : loaded 2 times (x 115B)
Class com.google.common.collect.ImmutableEnumMap                                      : loaded 2 times (x 125B)
Class com.google.common.collect.ListMultimap                                          : loaded 2 times (x 70B)
Class org.gradle.tooling.internal.gradle.DefaultProjectIdentifier                     : loaded 2 times (x 86B)
Class com.google.common.collect.Sets$1                                                : loaded 2 times (x 139B)
Class org.objectweb.asm.AnnotationVisitor                                             : loaded 2 times (x 78B)
Class com.google.common.base.Splitter                                                 : loaded 2 times (x 72B)
Class sync_studio_tooling6_41lfzyvwon1xw1ayv8p3my4hs                                  : loaded 2 times (x 171B)
Class org.gradle.api.internal.DefaultClassPathProvider                                : loaded 2 times (x 76B)
Class com.google.common.collect.Sets$2                                                : loaded 2 times (x 139B)
Class [Lorg.gradle.api.internal.ClassPathProvider;                                    : loaded 2 times (x 69B)
Class org.gradle.api.internal.ClassPathProvider                                       : loaded 2 times (x 70B)
Class com.google.common.collect.Sets$3                                                : loaded 2 times (x 139B)
Class com.google.common.cache.LocalCache$LocalLoadingCache                            : loaded 2 times (x 134B)
Class com.google.common.base.AbstractIterator$State                                   : loaded 2 times (x 79B)
Class org.gradle.internal.service.UnknownServiceException                             : loaded 2 times (x 83B)
Class com.google.common.collect.Sets$4                                                : loaded 2 times (x 139B)
Class org.objectweb.asm.ModuleVisitor                                                 : loaded 2 times (x 81B)
Class com.google.common.cache.LocalCache$Strength$1                                   : loaded 2 times (x 81B)
Class com.google.common.util.concurrent.SettableFuture                                : loaded 2 times (x 114B)
Class com.google.common.cache.LocalCache$Strength$2                                   : loaded 2 times (x 81B)
Class org.gradle.tooling.model.Dependency                                             : loaded 2 times (x 70B)
Class com.google.common.cache.LocalCache$Strength$3                                   : loaded 2 times (x 81B)
Class com.google.common.collect.MapDifference                                         : loaded 2 times (x 70B)
Class com.google.common.base.Splitter$1                                               : loaded 2 times (x 77B)
Class org.objectweb.asm.FieldWriter                                                   : loaded 2 times (x 78B)
Class com.google.common.cache.CacheBuilder$NullListener                               : loaded 2 times (x 82B)
Class org.gradle.internal.classpath.TransformedClassPath                              : loaded 2 times (x 96B)
Class org.gradle.internal.classloader.InstrumentingClassLoader                        : loaded 2 times (x 70B)
Class com.google.common.collect.ImmutableRangeSet$AsSet                               : loaded 2 times (x 299B)
Class com.google.common.cache.CacheLoader$FunctionToCacheLoader                       : loaded 2 times (x 75B)
Class [Lcom.google.common.cache.CacheBuilder$OneWeigher;                              : loaded 2 times (x 69B)
Class com.google.common.collect.ImmutableCollection$Builder                           : loaded 2 times (x 76B)
Class ijInit1_bf6mh7a1x9afcdw40dx5hzd0g$_run_closure1                                 : loaded 2 times (x 140B)
Class kotlin.enums.EnumEntriesList                                                    : loaded 2 times (x 223B)
Class com.google.common.base.Joiner                                                   : loaded 2 times (x 79B)
Class com.google.common.base.MoreObjects                                              : loaded 2 times (x 71B)
Class [Lorg.objectweb.asm.Type;                                                       : loaded 2 times (x 69B)
Class com.google.common.collect.Platform                                              : loaded 2 times (x 71B)
Class org.objectweb.asm.MethodTooLargeException                                       : loaded 2 times (x 83B)
Class org.gradle.internal.service.ServiceLocator                                      : loaded 2 times (x 70B)
Class com.google.common.base.Ascii                                                    : loaded 2 times (x 71B)
Class com.google.common.collect.SingletonImmutableBiMap                               : loaded 2 times (x 143B)
Class com.google.common.cache.LocalCache$1                                            : loaded 2 times (x 89B)
Class com.google.common.collect.AbstractMapEntry                                      : loaded 2 times (x 81B)
Class com.intellij.gradle.toolingExtension.util.GradleVersionUtil                     : loaded 2 times (x 71B)
Class com.google.common.collect.Iterators$SingletonIterator                           : loaded 2 times (x 81B)
Class org.gradle.tooling.model.UnsupportedMethodException                             : loaded 2 times (x 82B)
Class com.google.common.collect.ImmutableList$Builder                                 : loaded 2 times (x 77B)
Class com.google.common.cache.LocalCache$2                                            : loaded 2 times (x 142B)
Class com.google.common.collect.AbstractMultimap                                      : loaded 2 times (x 123B)
Class com.google.common.collect.ImmutableRangeSet$1                                   : loaded 2 times (x 209B)
Class com.google.common.collect.RegularImmutableAsList                                : loaded 2 times (x 216B)
Class com.google.common.collect.Range                                                 : loaded 2 times (x 87B)
Class com.google.common.util.concurrent.AbstractFuture$Trusted                        : loaded 2 times (x 70B)
Class org.gradle.internal.operations.MultipleBuildOperationFailures                   : loaded 2 times (x 95B)
Class org.gradle.tooling.internal.adapter.CollectionMapper                            : loaded 2 times (x 73B)
Class com.google.common.util.concurrent.UncheckedExecutionException                   : loaded 2 times (x 82B)
Class org.objectweb.asm.ClassVisitor                                                  : loaded 2 times (x 88B)
Class org.gradle.tooling.internal.adapter.ProtocolToModelAdapter                      : loaded 2 times (x 80B)
Class org.gradle.internal.InternalTransformer                                         : loaded 2 times (x 70B)
Class org.objectweb.asm.ClassWriter                                                   : loaded 2 times (x 106B)
Class com.google.common.cache.CacheLoader$UnsupportedLoadingOperationException        : loaded 2 times (x 82B)
Class com.google.common.base.CharMatcher$And                                          : loaded 2 times (x 112B)
Class org.gradle.internal.time.DefaultTimer                                           : loaded 2 times (x 80B)
Class org.gradle.internal.classloader.ClasspathUtil$1                                 : loaded 2 times (x 76B)
Class com.google.common.base.Objects                                                  : loaded 2 times (x 71B)
Class org.objectweb.asm.FieldVisitor                                                  : loaded 2 times (x 77B)
Class com.google.common.collect.IndexedImmutableSet                                   : loaded 2 times (x 150B)
Class com.google.common.collect.ImmutableMap$1                                        : loaded 2 times (x 81B)
Class com.google.common.collect.BiMap                                                 : loaded 2 times (x 70B)
Class org.gradle.api.internal.classpath.DefaultModuleRegistry$DefaultModule           : loaded 2 times (x 86B)
Class com.google.common.primitives.Ints                                               : loaded 2 times (x 71B)
Class [Lorg.objectweb.asm.Symbol;                                                     : loaded 2 times (x 69B)
Class com.google.common.math.MathPreconditions                                        : loaded 2 times (x 71B)
Class com.google.common.collect.Multiset                                              : loaded 2 times (x 70B)
Class com.google.common.collect.ArrayListMultimapGwtSerializationDependencies         : loaded 2 times (x 172B)
Class com.google.common.collect.ObjectArrays                                          : loaded 2 times (x 71B)
Class org.gradle.tooling.internal.adapter.TargetTypeProvider                          : loaded 2 times (x 70B)
Class org.gradle.internal.time.DefaultCountdownTimer                                  : loaded 2 times (x 88B)
Class com.google.common.collect.ImmutableMapEntrySet                                  : loaded 2 times (x 151B)
Class org.gradle.tooling.internal.gradle.DefaultBuildIdentifier                       : loaded 2 times (x 79B)
Class org.gradle.api.internal.classpath.Module                                        : loaded 2 times (x 70B)
Class com.google.common.cache.Weigher                                                 : loaded 2 times (x 70B)
Class org.gradle.api.internal.classpath.UnknownModuleException                        : loaded 2 times (x 82B)
Class com.google.common.base.Stopwatch                                                : loaded 2 times (x 72B)
Class com.google.common.cache.LocalCache$Strength                                     : loaded 2 times (x 81B)
Class com.google.common.cache.Cache                                                   : loaded 2 times (x 70B)
Class com.google.common.util.concurrent.AbstractFuture$Cancellation                   : loaded 2 times (x 72B)
Class com.google.common.collect.ImmutableMap$Builder                                  : loaded 2 times (x 82B)
Class com.google.common.base.NullnessCasts                                            : loaded 2 times (x 71B)
Class com.google.common.cache.RemovalListener                                         : loaded 2 times (x 70B)
Class org.gradle.tooling.internal.gradle.GradleProjectIdentity                        : loaded 2 times (x 70B)
Class org.gradle.api.internal.DefaultClassPathRegistry                                : loaded 2 times (x 76B)
Class com.google.common.primitives.IntsMethodsForWeb                                  : loaded 2 times (x 71B)
Class com.google.common.collect.Multimap                                              : loaded 2 times (x 70B)
Class org.gradle.api.internal.ClassPathRegistry                                       : loaded 2 times (x 70B)
Class org.gradle.internal.classpath.DefaultClassPath$ImmutableUniqueList              : loaded 2 times (x 199B)
Class com.google.common.base.ExtraObjectsMethodsForWeb                                : loaded 2 times (x 71B)
Class com.google.common.collect.ImmutableMap$MapViewOfValuesAsSingletonSets           : loaded 2 times (x 125B)
Class com.google.common.cache.CacheBuilder                                            : loaded 2 times (x 72B)
Class com.google.common.collect.SingletonImmutableList                                : loaded 2 times (x 207B)
Class Settings_gradle$1                                                               : loaded 2 times (x 74B)
Class org.gradle.internal.classpath.ClassPath                                         : loaded 2 times (x 70B)
Class com.google.common.collect.ImmutableList$ReverseImmutableList                    : loaded 2 times (x 208B)
Class com.google.common.base.JdkPattern                                               : loaded 2 times (x 75B)
Class org.objectweb.asm.SymbolTable$Entry                                             : loaded 2 times (x 74B)
Class org.objectweb.asm.Edge                                                          : loaded 2 times (x 72B)
Class com.google.common.base.Suppliers$SupplierOfInstance                             : loaded 2 times (x 79B)
Class com.google.common.collect.RegularImmutableMap                                   : loaded 2 times (x 121B)
Class org.gradle.tooling.model.Model                                                  : loaded 2 times (x 70B)
Class com.google.common.cache.LocalCache$ComputingValueReference                      : loaded 2 times (x 96B)
Class com.google.common.collect.SingletonImmutableSet                                 : loaded 2 times (x 146B)
Class com.google.common.collect.ImmutableMap$IteratorBasedImmutableMap                : loaded 2 times (x 125B)
Class kotlin.UninitializedPropertyAccessException                                     : loaded 2 times (x 82B)
Class com.google.common.cache.LocalCache$Segment                                      : loaded 2 times (x 154B)
Class org.gradle.tooling.internal.adapter.ProtocolToModelAdapter$MethodInvocationCache: loaded 2 times (x 73B)
Class com.google.common.collect.SortedIterable                                        : loaded 2 times (x 70B)
Class [Lorg.objectweb.asm.SymbolTable$Entry;                                          : loaded 2 times (x 69B)
Class com.google.common.cache.CacheLoader                                             : loaded 2 times (x 74B)
Class org.gradle.api.internal.classpath.ManifestUtil                                  : loaded 2 times (x 71B)
Class com.google.common.collect.ImmutableBiMap                                        : loaded 2 times (x 143B)
Class com.google.common.collect.AbstractListMultimap                                  : loaded 2 times (x 172B)
Class org.gradle.internal.installation.GradleInstallation$1                           : loaded 2 times (x 75B)
Class org.gradle.api.internal.classpath.ModuleRegistry                                : loaded 2 times (x 70B)
Class com.google.common.util.concurrent.internal.InternalFutureFailureAccess          : loaded 2 times (x 72B)
Class com.google.common.collect.ImmutableList$1                                       : loaded 2 times (x 97B)
Class com.google.common.collect.ImmutableSet$JdkBackedSetBuilderImpl                  : loaded 2 times (x 76B)
Class com.google.common.base.Splitter$SplittingIterator                               : loaded 2 times (x 84B)
Class org.gradle.tooling.internal.adapter.ObjectGraphAdapter                          : loaded 2 times (x 70B)
Class com.google.common.cache.LocalCache$LocalManualCache$1                           : loaded 2 times (x 75B)
Class com.google.common.base.CharMatcher$ForPredicate                                 : loaded 2 times (x 112B)
Class com.google.common.util.concurrent.ExecutionError                                : loaded 2 times (x 82B)
Class com.google.common.base.CharMatcher$AnyOf                                        : loaded 2 times (x 112B)
Class org.gradle.api.internal.classpath.DefaultModuleRegistry                         : loaded 2 times (x 86B)
Class com.google.common.util.concurrent.ListenableFuture                              : loaded 2 times (x 70B)
Class com.google.common.cache.ReferenceEntry                                          : loaded 2 times (x 70B)
Class com.google.common.collect.ImmutableSet$CachingAsList                            : loaded 2 times (x 147B)
Class com.google.common.base.Converter                                                : loaded 2 times (x 90B)
Class com.google.common.collect.ImmutableEnumSet                                      : loaded 2 times (x 146B)
Class sync_studio_tooling6_41lfzyvwon1xw1ayv8p3my4hs$_run_closure1                    : loaded 2 times (x 139B)
Class com.google.common.util.concurrent.AbstractFuture                                : loaded 2 times (x 106B)
Class com.google.common.base.FunctionalEquivalence                                    : loaded 2 times (x 83B)
Class org.gradle.internal.classloader.ClassLoaderHierarchy                            : loaded 2 times (x 70B)
Class com.google.common.collect.AbstractMapBasedMultimap                              : loaded 2 times (x 139B)
Class com.google.common.collect.ImmutableAsList                                       : loaded 2 times (x 209B)
Class org.objectweb.asm.RecordComponentVisitor                                        : loaded 2 times (x 77B)
Class com.google.common.cache.CacheLoader$SupplierToCacheLoader                       : loaded 2 times (x 75B)
Class org.gradle.internal.time.MonotonicClock                                         : loaded 2 times (x 77B)
Class org.gradle.internal.service.ServiceLookupException                              : loaded 2 times (x 82B)
Class com.google.common.collect.ImmutableSortedSet                                    : loaded 2 times (x 299B)
Class [Lcom.google.common.cache.LocalCache$EntryFactory;                              : loaded 2 times (x 69B)
Class org.gradle.internal.classloader.ClassLoaderFactory                              : loaded 2 times (x 70B)
Class com.google.common.cache.LocalCache$LocalManualCache                             : loaded 2 times (x 99B)
Class com.google.common.base.CharMatcher$IsNot                                        : loaded 2 times (x 111B)
Class com.google.common.base.CommonPattern                                            : loaded 2 times (x 74B)
Class org.gradle.internal.service.CachingServiceLocator                               : loaded 2 times (x 82B)
Class com.google.common.collect.RegularImmutableSortedSet                             : loaded 2 times (x 299B)
Class com.google.common.math.IntMath                                                  : loaded 2 times (x 71B)
Class org.jetbrains.plugins.gradle.model.RepositoryModels                             : loaded 2 times (x 70B)
Class com.google.common.collect.ImmutableMapEntry                                     : loaded 2 times (x 85B)
Class org.gradle.internal.time.TimeSource                                             : loaded 2 times (x 70B)
Class com.google.common.base.Equivalence                                              : loaded 2 times (x 82B)
Class com.google.common.collect.ImmutableMapEntry$NonTerminalImmutableMapEntry        : loaded 2 times (x 85B)
Class com.google.common.base.Function                                                 : loaded 2 times (x 70B)
Class org.jetbrains.plugins.gradle.tooling.serialization.SerializationService         : loaded 2 times (x 70B)
Class org.gradle.tooling.internal.gradle.GradleBuildIdentity                          : loaded 2 times (x 70B)
Class kotlin.enums.EnumEntries                                                        : loaded 2 times (x 70B)
Class com.google.common.cache.CacheBuilder$OneWeigher                                 : loaded 2 times (x 82B)
Class com.google.common.collect.RegularImmutableList                                  : loaded 2 times (x 212B)
Class org.gradle.internal.exceptions.ResolutionProvider                               : loaded 2 times (x 70B)
Class org.gradle.tooling.model.ProjectIdentifier                                      : loaded 2 times (x 70B)
Class org.gradle.internal.classloader.ClasspathUtil                                   : loaded 2 times (x 71B)
Class org.jetbrains.kotlin.tooling.core.HasExtras                                     : loaded 2 times (x 70B)
Class com.google.common.util.concurrent.Uninterruptibles                              : loaded 2 times (x 71B)
Class com.google.common.collect.Maps                                                  : loaded 2 times (x 71B)
Class org.gradle.internal.time.TimeSource$1                                           : loaded 2 times (x 77B)
Class kotlin.jvm.internal.DefaultConstructorMarker                                    : loaded 2 times (x 71B)
Class org.gradle.api.specs.Spec                                                       : loaded 2 times (x 70B)
Class [Lcom.google.common.collect.ImmutableEntry;                                     : loaded 2 times (x 69B)
Class com.google.common.cache.LocalCache$LoadingValueReference                        : loaded 2 times (x 96B)
Class com.google.common.base.Platform                                                 : loaded 2 times (x 71B)
Class com.intellij.gradle.toolingExtension.impl.model.utilDummyModel.DummyModel       : loaded 2 times (x 70B)
Class org.gradle.internal.time.Clock                                                  : loaded 2 times (x 70B)
Class com.google.common.collect.Maps$8                                                : loaded 2 times (x 82B)
Class org.gradle.tooling.internal.adapter.TypeInspector                               : loaded 2 times (x 73B)
Class org.gradle.tooling.internal.adapter.ProtocolToModelAdapter$NoOpDecoration       : loaded 2 times (x 79B)
Class org.gradle.tooling.model.Element                                                : loaded 2 times (x 70B)
Class kotlin.collections.AbstractList                                                 : loaded 2 times (x 197B)
Class kotlin.collections.AbstractCollection                                           : loaded 2 times (x 117B)
Class com.google.common.collect.ImmutableRangeSet$Builder                             : loaded 2 times (x 77B)
Class org.jetbrains.kotlin.tooling.core.Extras                                        : loaded 2 times (x 70B)
Class com.google.common.collect.Sets$SetView                                          : loaded 2 times (x 138B)
Class com.google.common.cache.LocalCache$StrongValueReference                         : loaded 2 times (x 90B)
Class org.objectweb.asm.Type                                                          : loaded 2 times (x 72B)
Class org.gradle.internal.classloader.VisitableURLClassLoader$InstrumentingVisitableURLClassLoader: loaded 2 times (x 123B)
Class org.objectweb.asm.ByteVector                                                    : loaded 2 times (x 79B)
Class [Lcom.google.common.cache.CacheBuilder$NullListener;                            : loaded 2 times (x 69B)
Class com.google.common.math.IntMath$1                                                : loaded 2 times (x 71B)
Class org.gradle.internal.classloader.VisitableURLClassLoader$Spec                    : loaded 2 times (x 74B)
Class org.gradle.internal.classpath.DefaultClassPath                                  : loaded 2 times (x 90B)
Class org.objectweb.asm.Symbol                                                        : loaded 2 times (x 73B)
Class com.google.common.base.AbstractIterator                                         : loaded 2 times (x 80B)
Class org.gradle.util.internal.DefaultGradleVersion                                   : loaded 2 times (x 82B)
Class com.google.common.collect.RegularImmutableMap$Values                            : loaded 2 times (x 207B)
Class com.google.common.collect.ImmutableSet                                          : loaded 2 times (x 145B)
Class com.google.common.base.CharMatcher$BitSetMatcher                                : loaded 2 times (x 112B)
Class org.gradle.internal.classloader.ClassLoaderSpec                                 : loaded 2 times (x 71B)
Class org.objectweb.asm.AnnotationWriter                                              : loaded 2 times (x 79B)
Class com.google.common.cache.CacheStats                                              : loaded 2 times (x 71B)
Class org.objectweb.asm.RecordComponentWriter                                         : loaded 2 times (x 78B)
Class com.google.common.util.concurrent.AbstractFuture$Listener                       : loaded 2 times (x 72B)
Class com.google.common.base.CharMatcher$Or                                           : loaded 2 times (x 112B)
Class Settings_gradle$1$1                                                             : loaded 2 times (x 74B)
Class org.objectweb.asm.Attribute                                                     : loaded 2 times (x 77B)
Class com.google.common.base.Supplier                                                 : loaded 2 times (x 70B)
Class org.gradle.internal.classloader.VisitableURLClassLoader                         : loaded 2 times (x 117B)
Class Settings_gradle                                                                 : loaded 2 times (x 124B)
Class com.google.common.base.CharMatcher$IsEither                                     : loaded 2 times (x 111B)
Class [Lcom.google.common.base.AbstractIterator$State;                                : loaded 2 times (x 69B)
Class org.gradle.tooling.model.idea.IdeaDependency                                    : loaded 2 times (x 70B)
Class com.google.common.collect.Sets                                                  : loaded 2 times (x 71B)
Class org.objectweb.asm.Handler                                                       : loaded 2 times (x 72B)
Class com.google.common.base.Ticker                                                   : loaded 2 times (x 72B)
Class com.google.common.base.Strings                                                  : loaded 2 times (x 71B)
Class com.google.common.base.CharMatcher$FastMatcher                                  : loaded 2 times (x 111B)
Class [Lcom.google.common.cache.LocalCache$Segment;                                   : loaded 2 times (x 69B)
Class [Lcom.google.common.cache.LocalCache$Strength;                                  : loaded 2 times (x 69B)
Class com.google.common.cache.CacheBuilder$1                                          : loaded 2 times (x 85B)
Class com.google.common.collect.ImmutableMap                                          : loaded 2 times (x 120B)
Class com.google.common.base.Predicate                                                : loaded 2 times (x 70B)
Class org.gradle.internal.classpath.DefaultClassPath$ImmutableUniqueList$Builder      : loaded 2 times (x 75B)
Class com.google.common.collect.AbstractRangeSet                                      : loaded 2 times (x 114B)
Class com.google.common.cache.LocalCache                                              : loaded 2 times (x 187B)
Class com.google.common.cache.CacheBuilder$2                                          : loaded 2 times (x 72B)
Class com.google.common.base.CharMatcher$NegatedFastMatcher                           : loaded 2 times (x 113B)
Class [Lcom.google.common.collect.AbstractMapEntry;                                   : loaded 2 times (x 69B)
Class com.google.common.collect.ImmutableEntry                                        : loaded 2 times (x 82B)
Class com.google.common.collect.ArrayListMultimap                                     : loaded 2 times (x 172B)
Class org.gradle.internal.classloader.FilteringClassLoader                            : loaded 2 times (x 105B)
Class org.gradle.internal.exceptions.NonGradleCauseExceptionsHolder                   : loaded 2 times (x 70B)
Class org.gradle.tooling.model.idea.IdeaModuleDependency                              : loaded 2 times (x 70B)
Class org.gradle.tooling.internal.adapter.ViewBuilder                                 : loaded 2 times (x 70B)
Class com.google.common.collect.CollectPreconditions                                  : loaded 2 times (x 71B)
Class com.google.common.collect.SortedMapDifference                                   : loaded 2 times (x 70B)
Class com.google.common.cache.LocalCache$EntryFactory                                 : loaded 2 times (x 83B)
Class org.gradle.tooling.internal.adapter.ProtocolToModelAdapter$ReflectionMethodInvoker: loaded 2 times (x 76B)
Class org.jetbrains.kotlin.tooling.core.HasMutableExtras                              : loaded 2 times (x 70B)
Class com.google.common.cache.LocalCache$AbstractReferenceEntry                       : loaded 2 times (x 107B)
Class kotlin.NotImplementedError                                                      : loaded 2 times (x 82B)
Class kotlin.enums.EnumEntriesKt                                                      : loaded 2 times (x 71B)
Class com.google.common.collect.ImmutableRangeSet$ComplementRanges                    : loaded 2 times (x 207B)
Class org.objectweb.asm.SymbolTable                                                   : loaded 2 times (x 72B)
Class com.google.common.cache.CacheLoader$InvalidCacheLoadException                   : loaded 2 times (x 82B)
Class com.google.common.collect.ImmutableSet$RegularSetBuilderImpl                    : loaded 2 times (x 77B)
Class org.gradle.internal.classloader.SystemClassLoaderSpec                           : loaded 2 times (x 71B)
Class com.google.common.cache.LocalCache$StrongEntry                                  : loaded 2 times (x 108B)
Class com.google.common.util.concurrent.AbstractFuture$TrustedFuture                  : loaded 2 times (x 114B)
Class com.google.common.cache.LoadingCache                                            : loaded 2 times (x 70B)
Class org.gradle.internal.exceptions.MultiCauseException                              : loaded 2 times (x 70B)
Class org.gradle.internal.time.CountdownTimer                                         : loaded 2 times (x 70B)
Class kotlin.jvm.internal.Intrinsics                                                  : loaded 2 times (x 71B)
Class org.objectweb.asm.MethodWriter                                                  : loaded 2 times (x 106B)
Class [Lcom.google.common.cache.Weigher;                                              : loaded 2 times (x 69B)
Class com.google.common.collect.RegularImmutableMap$BucketOverflowException           : loaded 2 times (x 82B)
Class org.gradle.tooling.model.ProjectModel                                           : loaded 2 times (x 70B)
Class ijInit1_bf6mh7a1x9afcdw40dx5hzd0g                                               : loaded 2 times (x 171B)
Class kotlin.KotlinNullPointerException                                               : loaded 2 times (x 83B)
Class com.google.common.collect.RegularImmutableBiMap                                 : loaded 2 times (x 148B)
Class com.google.common.cache.LocalCache$ValueReference                               : loaded 2 times (x 70B)
Class com.google.common.base.CharMatcher$Negated                                      : loaded 2 times (x 113B)
Class com.google.common.base.CharMatcher$Is                                           : loaded 2 times (x 111B)
Class org.gradle.internal.exceptions.DefaultMultiCauseException                       : loaded 2 times (x 95B)
Class com.google.common.util.concurrent.AbstractFuture$Failure                        : loaded 2 times (x 72B)
Class com.google.common.base.Equivalence$Equals                                       : loaded 2 times (x 82B)
Class com.google.common.collect.Hashing                                               : loaded 2 times (x 71B)
Class com.google.common.base.PatternCompiler                                          : loaded 2 times (x 70B)
Class com.google.common.collect.RegularImmutableMap$KeySet                            : loaded 2 times (x 150B)
Class org.gradle.tooling.model.HierarchicalElement                                    : loaded 2 times (x 70B)
Class com.google.common.base.Joiner$1                                                 : loaded 2 times (x 80B)
Class org.objectweb.asm.Label                                                         : loaded 2 times (x 73B)
Class org.objectweb.asm.CurrentFrame                                                  : loaded 2 times (x 73B)
Class org.objectweb.asm.ClassTooLargeException                                        : loaded 2 times (x 83B)
Class com.google.common.base.Equivalence$Identity                                     : loaded 2 times (x 82B)
Class com.google.common.base.CharMatcher                                              : loaded 2 times (x 111B)
Class org.gradle.internal.time.Time                                                   : loaded 2 times (x 71B)
Class com.google.common.collect.RangeGwtSerializationDependencies                     : loaded 2 times (x 71B)
Class com.google.common.base.Joiner$2                                                 : loaded 2 times (x 79B)
Class org.objectweb.asm.Frame                                                         : loaded 2 times (x 73B)
Class org.objectweb.asm.MethodVisitor                                                 : loaded 2 times (x 105B)
Class com.google.common.cache.LocalCache$EntryFactory$1                               : loaded 2 times (x 83B)
Class [Lcom.google.common.cache.RemovalListener;                                      : loaded 2 times (x 69B)
Class com.google.common.base.CharMatcher$1                                            : loaded 2 times (x 113B)
Class com.google.common.base.CharMatcher$NamedFastMatcher                             : loaded 2 times (x 112B)
Class com.google.common.collect.RangeSet                                              : loaded 2 times (x 70B)
Class com.google.common.cache.LocalCache$EntryFactory$2                               : loaded 2 times (x 83B)
Class org.gradle.api.internal.classpath.GlobalCacheRootsProvider                      : loaded 2 times (x 70B)
Class com.google.common.collect.CollectCollectors                                     : loaded 2 times (x 71B)
Class org.objectweb.asm.ModuleWriter                                                  : loaded 2 times (x 82B)
Class com.google.common.cache.LocalCache$EntryFactory$3                               : loaded 2 times (x 83B)
Class com.google.common.base.Ticker$1                                                 : loaded 2 times (x 72B)
Class com.google.common.collect.ImmutableMapEntrySet$RegularEntrySet                  : loaded 2 times (x 151B)
Class com.google.common.collect.Maps$BiMapConverter                                   : loaded 2 times (x 90B)
Class org.gradle.tooling.model.BuildIdentifier                                        : loaded 2 times (x 70B)
Class kotlin.NoWhenBranchMatchedException                                             : loaded 2 times (x 82B)
Class com.google.common.cache.LocalCache$EntryFactory$4                               : loaded 2 times (x 83B)
Class com.google.common.collect.ImmutableSet$Builder                                  : loaded 2 times (x 85B)
Class com.google.common.base.CharMatcher$InRange                                      : loaded 2 times (x 111B)
Class com.google.common.cache.LocalCache$EntryFactory$5                               : loaded 2 times (x 83B)
Class com.google.common.cache.LocalCache$EntryFactory$6                               : loaded 2 times (x 83B)
Class org.gradle.internal.time.Timer                                                  : loaded 2 times (x 70B)
Class kotlin.jvm.internal.markers.KMappedMarker                                       : loaded 2 times (x 70B)
Class org.gradle.internal.installation.CurrentGradleInstallationLocator               : loaded 2 times (x 71B)
Class com.google.common.cache.LocalCache$EntryFactory$7                               : loaded 2 times (x 83B)
Class com.google.common.collect.ImmutableSet$EmptySetBuilderImpl                      : loaded 2 times (x 76B)
Class com.google.common.base.Suppliers                                                : loaded 2 times (x 71B)
Class org.gradle.tooling.model.idea.IdeaProject                                       : loaded 2 times (x 70B)
Class org.gradle.tooling.model.DomainObjectSet                                        : loaded 2 times (x 70B)
Class org.gradle.internal.service.DefaultServiceLocator                               : loaded 2 times (x 83B)
Class com.google.common.cache.LocalCache$EntryFactory$8                               : loaded 2 times (x 83B)
Class com.google.common.collect.ImmutableSet$SetBuilderImpl                           : loaded 2 times (x 76B)
Class org.gradle.util.GradleVersion                                                   : loaded 2 times (x 81B)
Class org.gradle.internal.installation.CurrentGradleInstallation                      : loaded 2 times (x 73B)
Class com.google.common.cache.CacheLoader$1                                           : loaded 2 times (x 75B)
Class com.google.common.collect.ImmutableList$SubList                                 : loaded 2 times (x 208B)
Class org.gradle.util.internal.GUtil                                                  : loaded 2 times (x 71B)
Class com.google.common.cache.AbstractCache$StatsCounter                              : loaded 2 times (x 70B)
Class com.google.common.base.PairwiseEquivalence                                      : loaded 2 times (x 83B)
Class com.google.common.collect.RegularImmutableSet                                   : loaded 2 times (x 148B)
Class org.gradle.tooling.internal.adapter.ProtocolToModelAdapter$1                    : loaded 2 times (x 75B)
Class org.gradle.tooling.internal.adapter.ProtocolToModelAdapter$ViewDecoration       : loaded 2 times (x 70B)
Class org.gradle.internal.installation.GradleInstallation                             : loaded 2 times (x 75B)
Class com.google.common.collect.Iterables                                             : loaded 2 times (x 71B)
Class com.google.common.base.Splitter$Strategy                                        : loaded 2 times (x 70B)
Class org.gradle.tooling.internal.adapter.MethodInvoker                               : loaded 2 times (x 70B)

---------------  S Y S T E M  ---------------

OS:
 Windows 11 , 64 bit Build 26100 (10.0.26100.8246)
OS uptime: 9 days 22:07 hours

CPU: total 12 (initial active 12) (12 cores per cpu, 2 threads per core) family 23 model 104 stepping 1 microcode 0x8608103, cx8, cmov, fxsr, ht, mmx, 3dnowpref, sse, sse2, sse3, ssse3, sse4a, sse4.1, sse4.2, popcnt, lzcnt, tsc, tscinvbit, avx, avx2, aes, clmul, bmi1, bmi2, adx, sha, fma, vzeroupper, clflush, clflushopt, rdtscp, rdpid, f16c
Processor Information for the first 12 processors :
  Max Mhz: 2100, Current Mhz: 2100, Mhz Limit: 2100

Memory: 4k page, system-wide physical 5989M (1M free)
TotalPageFile size 24421M (AvailPageFile size 2M)
current process WorkingSet (physical memory assigned to process): 25M, peak: 224M
current process commit charge ("private bytes"): 498M, peak: 523M

vm_info: OpenJDK 64-Bit Server VM (21.0.9+-14649483-b1163.86) for windows-amd64 JRE (21.0.9+-14649483-b1163.86), built on 2025-12-30T22:08:35Z by "builder" with MS VC++ 16.10 / 16.11 (VS2019)

END.
